jet0Pt,jet0Eta,jet0Phi,jet1Pt,jet1Eta,jet1Phi,DiTauPt,DiTauEta,DiTauPhi,SignedDeltaPhi,Weight
68.1744,-2.47731,1.26731,36.741,2.66893,0.295729,50.1872,-1.97896,-1.60994,-0.971576,11.6109
131.997,3.09023,0.45034,122.988,-2.73327,2.71212,136.419,1.05391,-1.90499,-2.26178,8.44785
309.1,0.962123,0.0820281,38.2689,-2.25428,-0.625732,112.176,0.840554,2.94305,0.70776,9.50675
62.1133,1.27639,-0.339845,53.2517,-3.20661,0.967656,43.5697,-1.44767,2.83389,-1.3075,12.3585
71.7072,-1.39651,0.838789,36.8455,2.90743,0.0694308,76.5273,-0.655048,-2.6552,-0.769358,10.3869
106.019,-0.656053,1.17631,49.6646,2.83788,2.15775,134.752,-0.0817425,-1.77886,0.981441,11.2276
84.7523,-1.38873,0.206768,64.8963,2.99844,1.28175,63.0326,-0.989199,3.13224,1.07498,10.421
79.9276,-0.985317,-1.02091,73.2773,3.72947,3.07213,50.6344,2.29445,1.47963,-2.19015,9.42476
157.104,2.19346,-0.068991,53.4873,-3.26507,-2.3089,75.7959,1.34519,2.6584,2.2399,9.07693
145.817,3.08791,-1.86892,65.308,-0.192408,-0.907852,61.731,1.04922,1.48209,-0.961064,9.90824
104.335,2.02159,-1.34198,43.8627,-3.07455,-1.79567,102.171,1.08885,1.96331,0.453693,8.27789
73.7859,2.47455,2.79101,67.6504,-2.92302,1.87398,151.925,-0.443373,-0.851366,0.917028,9.65654
99.4675,-0.614916,-2.41031,35.4501,3.03947,-2.223,117.814,1.44027,0.828931,0.187306,9.19849
59.5304,2.08282,2.38136,34.2233,-3.86287,0.982085,74.5631,-1.28354,-1.58618,1.39928,10.894
102.738,-2.9727,0.607582,40.402,2.48465,2.27418,50.8374,0.0618756,-2.10534,1.66659,10.8186
74.869,-0.708049,2.42669,66.52,2.73744,2.6841,66.2643,1.04438,-0.0904348,0.257409,14.7875
145.848,-1.24827,2.13632,120.288,2.71664,-2.93547,101.741,2.4543,0.00977125,1.21139,9.27624
82.1577,2.30954,-0.0953638,35.1231,-2.31255,0.19771,39.5944,-1.44476,3.00518,-0.293074,10.5061
177.558,-1.95424,-0.510459,46.7583,2.29361,-1.31492,127.703,0.644,2.43398,-0.804464,9.14534
74.381,-2.13051,1.16466,61.7838,2.36267,0.0305506,59.1758,0.064007,-2.46064,-1.13411,9.69469
85.4594,-2.99379,-2.80414,75.983,0.234813,-1.15867,66.6481,-2.06298,1.2771,1.64547,9.87767
47.2889,-1.59455,0.121796,44.7005,3.19076,0.63414,52.0779,2.18016,-2.71576,0.512345,11.5907
129.793,-1.86832,0.986154,95.6788,1.23519,2.31972,192.025,0.887125,-1.66404,1.33356,9.02722
173.541,1.43527,0.829924,38.8358,-2.68292,0.410218,137.586,-2.16195,-2.54769,0.419707,9.04943
94.1509,1.02097,-2.61068,87.5775,-3.08424,2.55015,140.112,-1.49036,-0.0418049,1.12236,9.64838
94.7592,3.66626,-2.70238,75.1174,-0.536548,-1.2245,71.7942,0.914241,2.06133,-1.47788,11.1618
138.633,-1.19971,1.43397,98.2666,1.99606,-0.378899,200.106,-0.470455,-2.55874,-1.81287,8.88434
79.1109,1.21558,-1.80015,77.9842,-3.17282,-0.376429,59.5765,-1.32428,2.30247,-1.42373,11.8803
83.8806,1.81119,-1.74493,47.3172,-3.57491,1.26186,63.175,1.64095,1.60914,-3.00678,8.94383
151.242,1.63375,-1.109,74.3187,-2.16942,1.26085,55.2018,-0.328032,2.37106,-2.36985,11.5822
111.022,-0.524666,1.35203,36.8675,2.89796,-0.895383,130.09,0.796922,-2.43357,-2.24741,9.16801
112.027,-3.37945,2.06228,58.2052,0.827137,0.592716,84.1128,-2.33491,-1.61439,-1.46957,11.0838
112.609,2.20212,-1.69603,108.631,-1.74183,2.56516,91.8145,-0.314065,0.393069,2.02199,10.4804
99.9877,0.995488,0.67728,54.1503,-2.20931,-0.410709,76.0562,0.0308346,-2.89177,1.08799,10.8109
82.6748,1.04966,-2.67115,77.1577,-2.14396,-0.617369,47.4941,0.609075,1.16199,-2.05378,14.1394
103.526,1.94837,1.61202,77.1542,-3.0801,-0.439612,46.159,1.84298,2.99539,2.05163,11.2227
126.093,2.76005,-1.5174,55.7163,-0.628638,0.569549,36.4731,1.59068,-3.01968,-2.08695,11.2872
80.7418,-2.91532,0.1108,48.9552,1.12551,-1.36868,81.6468,-0.33525,2.81244,-1.47948,9.17967
116.247,-1.48237,1.29794,74.1464,2.9257,2.02975,79.983,-0.992408,-1.60083,0.731808,10.0608
181.376,2.02267,1.02263,123.146,-1.35546,-0.37233,87.8973,1.96916,-2.68592,1.39496,15.5504
65.2976,-1.06744,2.46236,31.0237,3.49703,0.551439,40.5783,-0.427044,-1.05925,-1.91092,13.5667
70.4747,-2.22417,1.32118,54.4248,1.65544,-0.469378,46.8923,1.78938,-1.80879,-1.79056,8.92009
104.551,-0.806833,0.98676,38.2773,2.78445,0.300919,153.208,0.0343606,-2.49917,-0.685841,10.0777
144.409,-2.0831,3.08317,33.8607,2.8675,1.67633,124.315,-1.58519,-0.17725,-1.40684,10.8759
70.1521,1.13302,1.79477,66.815,-2.69037,-0.180265,54.2799,-0.404948,-2.86274,1.97504,14.6759
118.158,-1.85738,1.09894,71.5777,1.45529,2.735,91.8535,0.299661,-1.04779,1.63606,10.0048
87.4262,-2.74141,-3.04663,77.1393,1.67765,-2.8373,102.944,-1.96951,-0.0459011,0.209329,9.92879
89.847,3.05089,0.756635,88.9806,-1.16855,2.42378,77.9897,1.40503,-2.18131,-1.66715,11.661
76.8567,-1.93841,2.34643,59.6004,3.49294,2.29701,143.242,-0.103291,-0.533292,-0.0494125,9.09909
189.58,-2.51546,2.50316,58.5595,0.793094,-1.02942,66.2081,-0.261587,-0.222195,2.75061,9.64659
142.704,-0.888201,-1.13466,113.681,2.69666,0.127003,74.4004,0.462663,2.3023,1.26166,10.6122
127.255,2.00168,-0.920597,32.6799,-3.12062,-1.90105,107.761,1.71335,1.66639,0.98045,9.34926
86.3586,0.422872,-3.03145,36.3867,-3.42486,1.311,71.858,0.255605,-0.368936,1.94074,11.1891
91.8757,-1.15921,1.18477,50.0479,2.55478,2.25031,67.6109,0.600159,-1.46079,1.06554,9.59609
173.225,0.331918,2.50948,94.5522,-3.8999,3.01444,273.759,0.122993,-0.692955,-0.504962,10.8342
118.882,2.05715,-2.47006,63.1036,-2.48097,-1.97166,74.7041,1.21415,0.880316,-0.498395,8.87782
376.639,1.90122,-2.59394,66.2031,-2.08691,-1.7536,225.995,0.741079,0.678296,-0.840337,15.3802
107.679,-1.29235,-2.1922,103.457,2.50228,-0.596152,117.977,-0.818144,1.63555,1.59604,9.08076
97.6313,1.62438,-2.65228,87.5372,-2.1877,-2.07339,143.571,-1.02344,0.910308,-0.578888,9.59788
81.7278,0.425633,-1.98483,33.1642,-3.71296,-2.04103,63.244,-2.01784,1.07923,0.0561988,11.2048
80.6107,-3.41835,-0.324263,51.6644,1.86561,-0.618694,109.866,0.892439,2.72671,-0.294431,12.2112
135.511,2.43613,2.67915,39.0797,-0.939852,-2.61049,126.225,-0.360062,-0.227824,-0.993544,8.86583
92.487,-1.784,2.26891,62.1989,2.36108,0.926912,141.385,-1.05366,-1.47608,-1.342,9.65348
90.5359,-1.64876,2.44156,73.4989,1.55476,0.477478,61.3679,-0.447435,-1.91282,-1.96408,9.45939
115.389,-2.2783,-3.02707,63.103,2.34233,2.21193,90.1609,-1.76202,0.0667867,-1.04418,9.62436
68.6764,2.43625,0.0219121,68.2283,-1.557,-1.17776,25.3504,2.15304,-2.8389,1.19968,11.9041
75.1786,-1.58197,-0.0144199,30.9501,2.48106,1.82251,76.2303,1.93718,-2.4314,1.83693,9.52819
149.254,2.48833,2.45786,49.7051,-1.12984,1.74199,142.141,1.69379,-0.870297,0.715868,8.88139
79.2099,1.01972,-2.3916,36.8127,-4.14634,-0.540563,95.5225,0.547779,0.995599,-1.85104,9.61229
70.314,2.2176,1.65798,34.2152,-2.55453,0.382849,80.2429,1.77576,-1.7075,1.27513,9.15165
82.7676,-2.12345,2.8692,78.2664,1.7936,0.171244,31.8317,1.94422,-1.6535,-2.69795,9.14163
150.669,-2.04019,0.0431133,141.021,1.63304,2.53843,61.5023,-1.19385,-1.6217,2.49532,9.52379
72.1772,-3.85017,-1.13213,61.8855,1.6593,-2.94601,59.1918,1.26351,0.964715,-1.81387,10.5526
78.8295,2.2166,-0.420532,52.4513,-1.57682,-2.55977,66.9787,1.90715,1.37732,2.13924,8.78658
61.0984,-2.40393,1.91047,32.7408,3.2181,3.02489,49.444,0.274109,-0.580199,1.11442,15.3098
95.0018,0.39305,2.77046,75.8177,-2.78917,0.859173,63.8533,-0.0151142,-0.982472,1.91129,8.91888
121.902,-1.69744,2.8891,52.0916,1.35073,2.53635,102.371,-0.649222,-0.448538,-0.352753,8.96423
220.734,-1.31242,3.00863,112.068,1.77947,0.937286,102.658,-0.792307,-0.700494,-2.07134,10.864
152.475,-2.30073,1.57055,134.455,2.42931,-1.65449,83.803,-0.771951,2.20056,3.05814,11.0251
290.633,2.12796,-2.18099,48.6968,-1.16347,-0.577331,273.939,0.724999,0.998067,-1.60366,9.60545
64.6301,-2.30144,-1.00366,33.1481,2.57217,0.888317,29.2903,0.932013,2.52869,1.89198,10.0158
174.211,2.44547,0.493029,62.3312,-2.14665,1.50562,119.183,-0.921474,-2.46599,-1.01259,9.08257
98.9406,-2.31792,2.32901,88.2433,2.98497,0.613916,34.6242,-1.21148,-1.68775,-1.71509,14.9609
170.01,1.09503,2.41376,53.3008,-1.99906,-1.60316,107.287,0.535741,-0.365132,-2.26626,9.11422
318.762,0.987374,-0.354771,135.534,-2.73894,2.10688,77.9574,0.751093,3.11568,-2.46166,8.8338
84.4148,1.64967,-2.80986,35.3969,-2.50865,-2.34604,92.0398,-0.0422007,0.378827,-0.463817,9.90209
74.85,3.1936,-1.52278,39.4404,-2.81138,2.6605,36.6263,-1.38304,1.31454,2.09991,14.3471
213.566,-2.82835,0.92303,103.323,1.37832,-2.40503,76.3581,-1.847,-2.49018,2.95513,11.371
241.008,-1.31866,1.36078,67.6066,3.71405,2.20202,176.927,-0.118918,-1.69287,0.841245,9.42984
197.407,1.70728,-2.13606,72.7756,-3.8662,2.30657,232.993,0.803735,0.59825,1.84055,9.9542
66.9338,0.971755,-2.65409,41.7243,-3.59852,-1.98821,43.0875,-1.80161,1.41655,-0.66588,10.465
88.7699,3.73907,-1.84496,88.065,-1.79531,2.52721,104.992,-0.396095,0.53522,1.91102,11.2078
165.633,-0.0978353,-0.230733,51.9694,2.92583,-1.55364,161.636,0.061763,2.59517,-1.32291,10.9043
137.457,-0.0391725,-1.42729,40.8364,3.27493,1.90399,70.6909,0.833868,2.0475,-2.95191,8.50671
95.0383,-3.14376,-2.55029,92.9053,3.35981,1.60704,57.849,-2.05934,0.495379,-2.12585,9.24796
159.126,-1.3298,0.763843,95.4271,2.96909,-3.00401,103.861,1.00544,-1.83973,2.51534,11.0418
149.29,1.63979,1.11279,79.9537,-2.62585,2.54934,94.6546,-1.28068,-1.33675,-1.43655,9.81733
128.931,1.33487,-2.2103,41.76,-1.89798,1.07293,60.438,-0.0555204,0.058144,2.99996,9.19738
167.419,1.85936,0.150102,120.036,-2.23304,-2.07195,153.1,0.00122101,1.65176,2.22205,9.50966
113.488,2.4613,2.36846,40.2443,-0.942159,-2.58928,60.882,1.47533,-0.728277,-1.32544,10.9263
116.269,-1.1513,-2.4608,60.2408,1.92443,2.64447,50.2299,0.852659,0.0563417,-1.17791,15.0445
138.116,-0.356575,-0.973432,97.9718,2.76278,1.15281,100.756,0.661368,3.00911,2.12624,9.60771
140.751,1.57752,-1.3861,59.0268,-2.5194,1.18309,101.714,0.884868,1.81666,-2.56919,12.2364
68.0032,-2.3289,0.222874,39.8878,3.5212,0.147644,36.5749,0.880199,-2.47188,-0.0752299,10.7873
152.706,1.06869,0.118878,76.4184,-1.96952,2.52438,63.2833,0.191834,-2.67516,-2.4055,10.9416
116.95,1.32806,0.50514,75.9193,-2.3781,2.491,129.71,0.847861,-2.05358,-1.98586,8.7964
119.987,-2.20918,2.38435,37.3256,1.50492,0.126535,51.2532,-0.486032,-1.31993,-2.25781,10.7212
102.214,1.20018,-2.74416,36.5355,-2.75861,-0.9269,69.7738,-0.712669,0.531904,-1.81726,10.8119
194.218,1.0703,-2.50601,37.439,-4.09103,-0.539315,220.318,0.15726,1.15151,-1.96669,9.06001
79.2401,-3.24577,-0.609417,71.1115,1.12635,-2.13147,60.9234,-1.35071,1.93574,-1.52205,11.9287
125.569,-2.40929,-0.909843,56.5476,2.05203,-2.52907,67.9633,-1.71886,1.72492,-1.61923,11.4058
241.617,0.0166109,-1.99745,83.1707,-3.0073,2.77571,173.1,-0.929965,0.84708,1.51003,11.7887
101.637,2.66731,0.800437,77.042,-0.396598,-2.51796,84.9287,0.0548137,-2.01113,-2.96478,9.15221
159.169,1.12437,0.899013,63.1241,-2.96584,-1.52949,39.5746,0.112231,-2.98767,2.42851,15.2368
207.048,1.28091,2.44253,46.8706,-2.24563,-1.343,107.226,0.536542,-0.382113,-2.49765,9.0953
88.2306,1.743,2.15289,47.6312,-2.7929,-1.77077,53.2858,0.9317,-0.444254,-2.35953,8.74522
100.103,1.96221,0.962077,94.2128,-1.87458,1.4941,109.008,0.334066,-1.9745,-0.532026,9.66071
101.928,-1.87557,-0.136448,52.7257,2.22921,-1.93022,93.7287,-0.697335,2.51285,-1.79377,10.6355
209.637,1.95863,-2.66692,138.109,-1.94198,0.275088,50.988,0.35124,-0.206465,-2.94201,17.1161
191.119,0.727968,1.18411,37.8883,-3.01952,-2.70765,157.619,-0.566367,-1.805,-2.39143,9.14063
310.425,-1.48126,1.56399,33.4672,3.35286,-1.90068,109.885,-0.865352,-1.36252,2.81852,9.30972
87.8732,-2.42367,0.00622492,78.9165,0.888508,-1.23888,143.862,-1.30195,2.44945,-1.2451,8.78783
129.663,-1.91809,-0.895869,76.0809,2.42513,0.568762,92.1539,-0.0649035,2.72321,1.46463,14.4143
101.257,0.56881,2.34997,51.1361,-3.3322,0.778752,170.677,0.0869019,-0.926295,1.57122,9.12746
144.449,0.754291,-0.25952,47.6315,-3.5147,0.793453,92.9596,-1.02748,2.96585,-1.05297,9.01788
98.7526,0.265152,0.732187,88.0539,-3.66127,-2.95171,51.4499,-1.78333,-0.885139,-2.59929,9.36403
65.5549,2.44744,-1.55768,61.8424,-2.07373,-2.82011,39.9676,0.85719,1.14394,1.26242,11.0442
148.596,1.80738,2.0871,60.9744,-2.54165,-1.89809,104.044,-0.360181,-1.08052,-2.298,8.84711
184.571,1.31823,2.91599,122.757,-2.17318,-1.95139,138.059,-0.86014,0.802563,-1.4158,11.7279
97.88,-1.18711,-0.823017,47.7072,4.16939,2.27242,42.7778,-0.70615,1.44159,3.09544,10.2657
157.472,0.649155,-1.45073,51.0192,-2.81953,0.0617377,147.875,0.37254,1.9964,-1.51247,9.46699
77.4317,1.38519,0.0734446,63.4224,-1.76899,-2.54924,49.2909,-1.87422,2.00902,2.62268,8.8605
228.369,-0.589354,-1.30067,45.783,3.49381,1.31904,76.9773,1.41501,1.97587,2.61971,11.5032
110.256,-3.07367,-0.208431,51.2109,1.30543,0.913067,106.832,-0.898362,-2.66691,1.1215,10.389
276.753,1.68019,1.12396,80.7573,-2.07228,-1.38926,84.6685,0.692691,-2.12994,2.51322,14.21
77.3178,2.0244,-1.87195,44.0006,-2.11483,2.60884,54.3014,1.29007,0.859422,1.8024,9.42963
51.508,-2.12163,-1.15911,49.5238,2.32876,-2.09353,49.9965,0.913451,1.36799,-0.934419,14.5051
91.0171,-1.90872,-2.71512,56.6826,2.78904,-2.99651,103.168,-0.606024,0.0406491,-0.281389,8.97246
133.524,2.64859,-2.34096,124.321,-0.625477,2.03713,136.064,0.327177,0.179894,1.9051,10.1551
121.294,1.9972,-0.944942,35.9833,-1.67841,-2.00096,112.961,2.03744,1.80857,1.05602,9.12573
159.097,-2.42016,0.817262,133.481,1.21381,-0.440697,79.3275,-0.658876,3.13332,-1.25796,9.12778
72.5475,-2.78247,2.88982,49.6155,1.75734,0.138654,29.8103,0.108775,-2.1181,-2.75117,10.5945
89.3062,2.00825,2.93717,68.6169,-2.17418,-0.68938,37.6243,1.76969,0.18933,-2.65664,8.89956
111.045,-1.85712,2.45608,42.1627,3.78322,2.19762,92.2022,-0.883567,-0.700252,-0.258454,9.27006
81.0285,1.6624,2.15421,70.0092,-3.20883,-1.94177,83.6683,0.993568,-0.194638,-2.1872,11.4402
95.3103,-1.02557,-2.21786,47.8852,3.22447,1.90891,62.5967,0.60953,0.801926,-2.15641,8.68953
214.192,-1.33663,1.01567,115.199,3.58748,-0.52976,224.127,-0.321183,-2.66621,-1.54543,9.18835
162.754,-0.637964,1.67456,31.0168,4.20413,2.70045,99.2179,1.09164,-1.47812,1.02589,9.27261
121.54,-1.95888,-0.419476,99.0574,3.49956,1.64388,112.529,-1.30038,2.90274,2.06336,10.9129
153.356,1.95417,-1.39557,48.7927,-1.36771,1.47065,42.3598,2.04968,2.67063,-2.86622,10.8562
79.6636,3.01243,-2.9785,45.2616,-1.06527,1.76345,76.8721,0.00288152,-1.29913,1.54124,9.15031
94.0177,2.75845,-0.211634,52.3655,-2.45624,-1.74561,112.126,-1.12071,2.7277,1.53397,9.57842
76.5448,2.72869,-0.168217,53.5053,-2.10269,-0.0781567,106.467,1.20439,3.03042,-0.0900602,9.40959
41.9503,-1.23737,-0.289111,36.5716,3.2111,0.419827,48.0232,-1.13026,-2.75321,0.708937,10.0898
122.055,1.79417,-1.40232,88.8817,-1.98821,0.362878,88.5759,0.246687,2.72495,-1.7652,10.9472
98.2902,1.88076,-0.260277,42.7509,-2.79089,-0.21783,130.118,-1.90127,2.80543,-0.0424468,9.46469
140.177,2.6827,-2.98,104.586,-1.74746,1.84722,144.511,-0.856619,-0.351249,1.45596,9.99424
136.824,2.64465,0.138922,62.2257,-2.95909,-1.67167,63.4644,2.34794,3.00957,1.81059,9.89505
117.052,-2.36229,-0.903047,91.4145,1.91386,2.21506,66.1304,0.797573,1.68872,3.11811,8.90035
122.268,-2.94185,2.91316,107.933,0.81199,-0.258728,75.3655,-1.57496,-0.447078,3.1113,11.741
132.421,2.13585,-1.76943,98.348,-1.70576,3.08039,98.0008,0.874466,1.01612,1.43336,11.4894
61.3997,-4.2062,-1.36153,53.8773,2.08657,0.942233,57.1927,0.821858,2.14733,2.30377,10.7434
227.476,1.54919,-2.02059,145.261,-2.304,0.0299258,147.868,-1.3072,2.02702,-2.05052,9.64655
78.8332,2.15954,1.90948,55.2967,-2.46149,-0.779992,35.7466,-1.75753,-1.14733,2.68948,10.2432
140.056,1.68663,-2.54971,70.5974,-3.47331,2.59564,107.671,-0.390118,0.757597,1.13783,8.99085
170.434,-0.967651,-1.10231,96.0004,3.21151,3.13312,100.657,-0.187923,0.410265,-2.04776,8.94781
269.79,2.26071,-0.989311,128.505,-0.918335,1.63824,114.687,-0.4093,-2.89248,-2.62755,10.3721
163.879,-0.938741,-0.608839,46.1352,2.23589,-1.79822,61.9072,0.403643,2.38141,-1.18938,14.3236
110.205,1.81012,0.62925,71.0962,-2.79745,2.38325,145.222,-0.146826,-2.50109,-1.754,9.21478
54.0814,-1.42254,-0.158331,32.4723,2.87836,-2.42706,38.5775,-0.815671,-2.94737,-2.26873,10.6563
50.4354,-4.19822,0.575746,35.4029,0.787777,2.98354,49.412,-1.33891,-1.63962,2.4078,9.99625
59.7788,4.15521,0.46298,59.2714,-0.630641,2.86263,28.9533,2.69491,-3.02629,-2.39965,11.5067
80.3186,3.37006,1.7104,76.1962,-0.210662,-0.747071,43.0734,1.58405,2.71604,2.45747,11.0377
111.697,2.75994,-2.58751,62.1979,-1.50903,0.342789,52.0656,0.79858,1.16011,-2.9303,15.2356
130.286,-1.04967,1.842,110.36,2.27436,-2.78864,108.499,2.08017,-0.278973,1.65254,10.4808
117.27,3.06185,-0.814065,44.5679,-0.193639,2.43233,66.8901,1.7005,2.17044,3.03679,9.10133
101.796,-3.18312,1.84788,63.5824,2.69379,-2.53393,61.459,1.6375,-1.21455,1.90137,14.5153
82.0375,2.72564,-1.6512,48.4811,-1.24619,1.62872,114.847,0.578779,1.98921,3.00327,10.7246
93.1428,-2.80563,2.05494,67.9472,0.856415,2.23309,120.536,-0.0704931,-0.848073,0.178149,9.67752
129.225,2.78738,-1.1332,128.242,-0.820847,1.83107,38.9115,1.93086,-2.88135,-2.96427,14.2605
196.747,2.67155,0.52403,118.52,-1.77268,2.27452,159.661,0.254877,-1.99038,-1.75049,9.62068
280.826,-1.9632,1.39006,90.0955,1.2712,-1.04123,89.4633,-1.12329,-1.50634,-2.43129,10.7736
101.465,-2.73919,-0.266553,44.2656,1.00701,2.34362,33.3681,-2.05331,2.12718,2.61018,9.33327
52.2098,4.06856,2.73144,50.6928,-1.17265,-2.31191,72.9833,0.232539,0.376372,-1.23983,11.1635
53.6637,-2.8127,2.57432,37.228,1.58718,1.7649,36.6015,-0.315845,-1.00303,-0.80942,13.696
89.8372,-1.76722,-2.24424,83.9393,2.81789,-2.29389,56.5006,1.92883,0.685546,-0.0496497,11.5518
108.356,1.89934,-2.01404,82.5978,-1.45522,2.47789,38.3944,-1.35846,-0.354393,1.79126,8.84933
147.581,2.6003,0.605181,30.9534,-2.58802,0.547852,82.6384,1.54958,-2.68533,0.057329,9.2084
42.6282,2.97431,-0.506293,33.2325,-1.97293,-2.44616,30.3956,-1.04902,2.72682,1.93987,10.8184
136.499,-1.60306,0.595459,35.3952,3.91558,-2.99727,56.1247,-0.879071,-2.29705,2.69046,10.7949
172.459,-1.47331,-0.598572,107.137,1.64869,1.72661,56.4208,1.39122,2.94968,2.32519,10.6537
83.6054,2.67781,-1.32518,48.4671,-1.45863,-0.452175,49.1977,0.743759,2.33048,-0.873003,16.0855
360.02,-1.27106,-2.4517,74.2618,2.37282,0.742247,188.649,-0.164577,0.64025,-3.08924,10.2219
118.144,-0.735401,2.97892,117.588,2.72128,-0.107938,66.8285,2.07252,-2.01739,-3.08686,9.6118
204.952,1.19897,2.13498,46.2898,-3.38073,-0.865099,127.428,0.530424,-0.819362,3.00008,8.97748
115.747,2.23069,1.42711,109.909,-0.90153,-2.18468,58.9036,1.61384,2.96714,-2.6714,9.59634
59.1713,2.9329,-2.7138,33.3753,-1.29868,0.118675,27.0271,0.482666,1.44201,-2.83247,14.6569
98.2007,-0.545526,-1.36093,57.9951,2.71699,-2.28266,85.2852,1.05967,1.354,-0.921737,10.3787
67.8311,-2.58797,1.61006,49.7897,1.22982,0.689382,87.7371,-1.16987,-1.36826,-0.920674,10.7424
52.8936,-3.35381,-2.30865,50.0267,0.782362,-1.26915,48.3691,-0.546274,1.32674,1.0395,14.346
189.333,-0.732738,-2.18312,90.2635,2.85646,2.59617,121.254,-0.36255,0.613417,-1.5039,11.112
89.968,-1.0776,-1.37591,60.8749,2.73887,0.579895,69.9956,1.8611,2.35348,1.9558,15.3957
114.598,-1.73408,-2.2187,77.265,2.99202,0.463579,66.8111,-0.900079,1.84378,2.68228,8.75079
90.8314,-2.41784,-2.04504,76.8876,1.73681,-2.93184,106.531,0.891782,0.943535,-0.886801,9.04453
164.899,-2.83421,-0.862345,65.4259,0.758578,1.98451,129.831,-2.3275,1.3767,2.84686,11.4586
199.084,-2.66699,1.37218,74.8352,1.43142,-1.60481,136.725,-0.801094,-1.80935,-2.97699,10.062
115.123,1.28499,-0.971428,74.514,-2.70519,2.56029,46.0642,1.58697,1.42128,2.75147,10.8306
130.041,-0.875461,-0.409499,94.5349,2.97919,-1.21289,118.34,-0.3146,2.47027,-0.803389,8.86464
173.136,0.766003,-1.70027,68.1369,-2.47789,-2.20828,234.629,-1.23152,1.04355,0.508011,9.7036
152.378,2.78227,-2.79149,73.8687,-0.257449,-0.813526,104.068,1.49929,0.815762,-1.97797,9.00633
126.736,-1.37203,-1.97437,47.5395,2.09875,-3.13244,73.5538,0.245861,1.20059,-1.15807,9.39822
171.307,2.23679,-0.124459,80.0355,-1.47331,1.99114,108.38,0.665733,-2.76509,-2.1156,11.0948
154.302,2.89311,-2.71335,82.4887,-0.455757,1.21853,87.5085,-0.322154,-0.158948,2.3513,9.92657
246.813,1.61449,3.05409,40.2313,-1.65949,-1.62718,147.972,0.4774,0.047604,-1.60192,9.15941
148.924,-1.55138,-2.89509,141.696,2.4819,-1.12128,75.283,-0.559998,1.13213,1.77381,15.1515
78.3509,-0.989765,3.13921,61.6241,2.85648,1.66192,88.2632,0.869771,-0.564005,-1.47729,9.54686
84.8586,2.57827,0.881203,43.7158,-4.2544,0.153693,71.9679,-0.945571,-2.91677,0.72751,10.7415
76.2174,-1.20727,0.0390464,53.3154,3.3816,-0.286792,45.6932,0.89739,2.50882,-0.325839,10.1821
68.6253,2.49775,-1.32734,40.0181,-1.55676,-2.70241,50.9167,-0.731661,1.27058,1.37507,10.787
93.7407,1.37969,-2.8822,37.9492,-2.67265,1.89813,51.5365,-0.69269,-0.547246,1.50285,10.6236
213.73,-2.74874,-1.4418,77.0853,4.37894,0.539631,127.643,-0.311936,1.76996,1.98143,11.1346
105.308,-1.8878,1.07283,46.1988,2.71599,-3.03085,93.4098,-0.0613912,-1.49995,2.1795,9.39749
64.1625,-1.29706,-0.440485,54.6086,3.3853,2.07024,64.7387,-0.355999,-2.27964,2.51073,11.1786
146.214,-2.51394,-1.36363,39.3189,1.37023,2.89662,116.418,0.911427,1.26783,-2.02293,8.78889
146.903,1.32797,2.12985,55.4764,-1.86524,-2.17031,84.8596,-0.154745,-0.632286,-1.98302,9.48912
74.642,-2.36105,-0.114037,51.4426,1.67047,3.03684,77.4316,-0.354826,-2.47228,-3.13231,8.76611
162.705,1.73701,-0.965355,83.3523,-1.73784,2.38792,43.6885,2.29175,2.03693,2.92991,10.5422
86.0153,-1.56924,-0.0481275,65.3103,1.95695,-2.05321,57.6032,1.42614,-3.06983,-2.00508,8.80556
172.123,0.169704,1.74914,39.9729,-4.0979,-2.86318,75.5727,-1.48664,-1.22425,-1.67086,10.8051
159.313,-0.0680941,1.47746,104.294,3.50062,-0.107395,113.979,0.980285,-1.91839,-1.58485,12.5673
105.809,2.33279,-0.603008,84.5535,-1.0914,-1.31336,146.447,0.322141,2.53924,0.710347,9.53079
163.502,-0.790698,1.35097,130.379,3.20224,-2.95393,195.033,-0.366173,-1.60387,1.97829,10.7459
160.492,-3.14908,1.56774,92.2744,2.18425,-1.86897,26.38,2.38463,-1.42133,2.84647,10.6539
82.7236,3.23898,-1.00161,51.0357,-2.22589,0.525518,62.5063,0.0365812,2.40889,-1.52713,11.5913
50.2727,-2.73444,0.508225,41.1407,3.54113,-1.18829,42.639,1.01362,2.99983,-1.69651,11.7736
93.2933,1.90367,2.58857,91.9411,-3.24095,-1.21707,95.965,-0.298425,-0.0726441,-2.47754,9.35788
171.745,-2.68292,1.2494,110.672,1.33731,3.10546,57.7116,0.385437,-0.973222,1.85606,9.77485
73.2057,2.02361,2.99082,64.2164,-1.34701,-0.0731657,50.8381,1.22004,-0.575634,3.06398,9.47096
127.89,1.64155,-1.68904,92.1374,-1.73685,1.64179,54.593,-1.11936,1.26043,2.95236,11.2391
96.9381,2.22889,-1.36436,34.0631,-3.40333,2.78446,38.5098,1.30397,1.44797,2.13437,10.6611
65.4195,1.94836,0.518136,46.477,-2.87038,-1.22961,43.1206,-1.44415,-2.71336,1.74775,16.0995
69.0421,2.63993,0.817482,38.6864,-2.24009,-0.0156203,52.9582,1.39372,3.02262,0.833102,10.6739
134.637,2.68028,2.86033,48.2964,-2.67119,-0.755566,70.2992,1.85591,-0.592492,-2.66729,8.8633
178.173,-1.16987,-2.86693,55.704,2.13319,-1.72666,146.39,0.863899,0.520464,1.14027,11.5411
101.532,-3.12656,1.09078,41.6514,3.86751,-1.91244,103.002,-1.83185,-2.46521,-3.00322,16.4878
100.181,1.99155,-0.866208,99.8772,-2.34076,1.86793,58.3392,1.34238,2.4247,-2.73413,11.1168
230.176,-1.04763,-0.200031,163.328,2.87617,-2.53812,62.0413,1.54869,2.06666,-2.33808,10.4554
155.511,-0.643686,-2.41572,66.6147,2.76588,-0.175307,46.0964,0.280139,0.513268,2.24041,14.1186
87.9491,3.79839,-0.136015,61.1315,-0.756267,1.47063,74.4748,0.581807,-2.27916,-1.60665,9.97444
298.457,-2.71871,-1.08121,60.6424,1.8742,-2.66549,225.85,-1.29669,1.95552,-1.58429,10.1679
55.8834,-1.5278,2.79525,43.5584,2.70991,2.32979,34.0924,-0.778357,-1.09049,-0.465454,10.836
269.964,1.52142,0.778259,91.7647,-1.97969,-1.74656,206.334,-0.74319,-2.32318,2.52482,9.44586
130.576,2.89748,-2.92592,54.3598,-0.244342,1.03305,42.4514,0.537961,-0.208293,2.32422,10.9925
163.098,-2.49629,0.249578,32.9814,3.14172,-2.24576,116.433,-1.91937,3.09803,-2.49534,9.16537
111.183,-1.91003,2.09397,85.828,1.6986,-0.335777,65.5055,-0.669344,-2.30064,-2.42974,8.97085
96.6183,1.80352,-2.98294,59.9269,-3.32401,0.84175,31.241,-0.898037,0.0748256,2.4585,11.7569
102.103,-1.63854,0.105284,41.9998,2.89792,2.93517,59.2975,0.0840283,-3.07622,2.82989,8.90645
101.123,1.05186,-0.341709,73.5111,-2.12436,-0.556315,103.935,-1.55357,2.5338,0.214607,11.1886
116.142,2.56985,-0.858112,99.6429,-1.71621,0.767872,78.4804,-0.672809,-3.02925,-1.62598,9.47812
44.6707,1.76264,-2.57881,37.3172,-3.70345,-1.93135,43.213,-1.27468,1.73864,-0.647458,10.7319
74.8002,-1.72258,-2.96057,30.984,2.30315,2.69746,82.5491,0.719862,-0.446209,-0.625157,11.0882
58.6313,3.07475,-1.68285,30.9984,-1.50264,0.239605,73.0502,1.75665,2.13886,-1.92246,10.717
153.88,2.88843,2.18672,126.176,-0.811365,-2.48368,106.486,0.270027,0.532742,-1.61278,9.71081
85.1666,0.117927,-0.397979,69.878,-3.37541,-0.966594,76.7682,-1.60551,2.45731,0.568615,11.7677
54.2679,1.75824,-1.5996,43.4411,-3.21236,-1.59315,75.4694,0.802944,2.05098,-0.00644541,10.93
91.5294,-1.40261,-0.519916,31.4805,2.65636,-2.15154,50.1163,-1.41719,2.38683,-1.63162,8.86718
165.634,1.73487,-2.56772,87.3119,-2.9243,1.17756,64.5067,-1.66058,0.541925,2.53791,11.8817
47.3343,-1.84078,-2.025,41.6581,2.98293,-2.14654,51.0212,-0.608678,1.2625,-0.121541,10.1612
176.656,0.822155,0.49144,35.686,-3.27895,-3.0097,66.6817,-2.12999,-2.39608,-2.78205,8.70712
55.4795,-1.75759,-0.397093,37.7941,2.40531,0.360646,73.8758,0.525723,-3.09307,0.757739,10.9239
57.2362,1.83049,-0.668181,39.595,-2.19465,-1.44586,44.0971,-0.492521,1.91209,0.77768,11.0424
172.452,0.625376,2.86806,48.9617,-2.83632,-0.478755,92.8796,-0.778978,-0.231474,-2.93637,9.59655
67.9926,-2.14701,1.48756,49.7772,2.62312,1.27489,56.5298,-1.54224,-1.88261,-0.212669,11.156
277.914,-0.426026,-2.67222,76.3941,2.85502,0.863238,146.939,0.748143,0.2584,-2.74772,9.00967
262.056,-1.75895,0.423334,150.268,1.4824,-2.95183,57.2746,1.35962,-3.04385,2.90802,9.59459
153.108,-0.637308,0.658966,83.5389,3.0122,2.13345,101.438,1.21194,-1.67114,1.47448,9.09849
142.025,0.983812,-1.96459,39.5069,-2.77808,-2.83375,123.903,0.354895,0.926093,0.86916,8.90729
133.723,1.54908,-0.909613,44.6625,-3.78629,0.20329,87.3142,-1.26014,2.01683,-1.1129,9.79798
116.993,2.19744,-1.74131,39.2709,-2.90527,0.220751,98.5689,1.88449,1.82928,-1.96206,10.7619
54.1954,-2.90975,0.108568,39.4029,3.04673,-1.4169,40.1463,0.846204,3.02524,-1.52547,11.112
118.847,-2.70607,-1.15098,103.727,0.589373,0.981524,78.675,-2.22009,2.70925,2.13251,10.9016
125.379,-1.24658,2.50945,76.1374,2.7491,1.15341,86.0217,0.370635,-0.475442,-1.35604,8.73168
95.8014,-1.3576,1.94096,38.7537,3.01681,-0.23624,55.263,-0.928552,-1.33167,-2.1772,9.799
115.781,-0.128731,2.56865,63.301,3.81719,2.1067,99.9169,1.97117,-1.09164,-0.461952,10.9359
78.542,-1.2568,-0.326226,70.8625,2.1591,-2.52712,83.7188,1.4817,1.76252,-2.20089,8.91113
108.106,-1.2622,0.440641,86.695,3.20378,-1.18193,117.889,1.73863,2.68975,-1.62257,9.96655
90.68,-0.888018,-0.207092,51.6836,2.74234,-1.34706,78.1262,2.32947,2.83617,-1.13997,8.85533
89.2541,3.1923,-0.43628,70.868,-1.93093,1.51517,62.6373,-0.821036,-2.65483,-1.95145,10.711
117.874,-1.04366,0.922535,62.8439,2.36994,-3.1293,117.313,0.701113,-1.93536,2.23135,8.86208
74.7957,1.95678,1.16004,39.1239,-2.05119,-0.0321278,100.122,0.63004,-2.05526,1.19217,8.80551
88.9505,-0.943254,2.67122,41.0368,2.72728,2.55283,80.5555,0.105353,-0.66359,-0.118387,9.29895
125.982,-2.77267,-1.37089,114.889,1.48894,2.55872,134.139,0.171931,0.842675,-2.35357,10.1892
43.769,2.81414,-0.996744,41.1281,-3.68592,1.61241,33.9866,2.65087,1.78237,-2.60915,11.804
72.707,0.0598084,-2.08724,54.5475,-3.31805,1.60702,84.1627,-1.45404,-0.477567,2.58892,11.2145
72.3808,-3.6069,-0.457079,55.0094,1.61285,-0.458866,53.0226,0.864131,2.70727,-0.00178701,10.7829
93.2818,-1.68104,-1.80524,63.0822,1.88746,-2.95699,134.083,-0.190789,0.78312,-1.15175,9.29918
51.3488,1.86478,2.8179,42.2501,-2.22588,-2.60128,85.3738,-1.45047,0.0197523,-0.863999,11.1462
106.519,2.44872,0.0309366,63.6051,-2.55482,-1.09681,101.638,1.41835,-2.97666,1.12775,10.0166
86.3268,-2.52963,-2.20138,70.093,1.44611,1.7197,39.6282,0.651225,1.15757,-2.36211,9.25399
88.0254,2.2641,1.4385,52.6393,-1.67295,-0.126744,83.8121,-0.221991,-2.10007,1.56525,9.13291
89.3827,1.02674,-2.42412,53.801,-3.38577,2.72687,89.1747,0.123478,0.467376,1.1322,8.75474
90.3508,-1.23907,2.8704,74.6494,3.369,-1.53374,27.4048,-0.355522,-0.0494264,1.87905,10.5916
297.738,1.6955,-0.732664,272.328,-1.43644,0.264637,241.63,0.917066,2.67143,-0.997301,9.8493
118.688,-2.25578,0.789454,86.4681,1.66618,0.149344,94.3475,-1.95684,-2.61987,-0.64011,9.18218
147.464,0.386088,2.72386,55.9035,-2.91923,-1.13699,87.4871,-1.64093,-0.187968,-2.42234,11.0698
78.7848,1.50345,0.0709028,59.8509,-3.20461,-0.0572834,129.232,-0.636134,-3.03759,0.128186,9.32331
100.044,2.14576,3.07578,73.3562,-1.66154,-1.39723,108.189,1.26695,-0.0508495,-1.81017,11.5107
75.5962,-2.61132,-2.69587,40.9015,1.97276,-3.12051,51.0617,-0.74552,-0.172994,-0.424649,15.749
157.94,-1.6446,-2.576,30.0854,1.79878,1.45172,77.9728,-1.3686,0.0291061,-2.25547,11.1704
102.69,0.746864,-2.75859,91.2525,-2.41776,1.08645,37.0169,-2.24911,-0.120706,2.43815,11.3511
171.948,-1.90842,-0.714096,123.976,1.56889,1.45618,152.614,-1.33408,-3.01747,2.17027,8.89293
136.116,1.98578,-2.91783,43.9084,-2.991,-1.36697,106.621,1.01782,0.984302,-1.55086,10.7561
200.423,0.872126,1.35582,164.16,-2.44135,-0.212555,181.819,-0.883119,-2.51955,1.56838,9.18249
159.086,-0.697469,-2.08289,109.604,2.70009,0.861355,139.881,-0.0548435,0.439669,2.94425,10.9824
208.825,2.73562,-0.00330638,54.5761,-0.336305,-2.35111,99.6549,1.62286,2.5827,2.34781,10.2867
127.973,-2.22625,0.238362,67.6681,1.29732,-2.97823,61.5143,0.835189,3.13263,3.06659,15.0303
109.563,2.93725,-2.61456,105.393,-2.15425,0.215012,44.18,0.868065,2.20381,-2.82958,9.71584
92.8139,1.63612,-1.69572,47.4398,-3.20381,-0.793259,65.7405,1.54448,2.1424,-0.902465,10.6124
153.646,-0.675812,-0.443427,123.602,2.91756,1.31812,61.6241,0.0861045,2.96394,1.76155,14.534
102.391,1.92975,0.571269,78.1717,-1.08576,-1.45972,78.125,1.46631,2.98982,2.03098,9.85898
69.4993,1.38533,-2.48758,36.286,-4.05398,2.18912,77.7402,1.48285,-0.521803,1.60649,9.97026
53.6902,1.49835,1.13369,43.2838,-3.36969,1.99228,105.613,-0.271347,-2.10038,-0.858588,9.4947
97.9578,-2.73568,2.74251,97.8948,0.949891,1.57323,51.2602,-2.18333,-0.629498,-1.16928,10.972
101.328,2.90936,-0.546138,38.715,-0.936634,0.999958,71.6754,0.548088,3.08616,-1.5461,10.8147
110.66,-2.0446,0.905718,98.4353,1.15534,1.83071,99.0477,0.515254,-2.02738,0.924993,9.28577
166.738,-1.53802,2.09148,110.251,2.15913,-1.78725,68.9362,1.39133,-0.20472,2.40446,10.9731
233.512,1.51999,-0.934972,130.893,-2.99597,-1.25829,90.0735,-0.474214,1.60493,0.32332,9.38476
54.099,0.960984,2.95073,46.3525,-3.36764,2.79044,117.539,-1.06554,-0.801336,0.160297,10.7125
126.59,1.49305,2.79097,46.438,-2.02418,-0.0660033,70.1988,0.596352,-0.178993,2.85697,14.3371
58.2084,-1.58839,-1.94472,39.4178,3.33299,-2.58137,88.5143,0.686045,0.998667,-0.636649,10.8333
100.802,-2.33472,-1.19456,73.6288,1.92197,-2.07312,83.042,0.307727,1.11987,-0.878563,14.6293
114.719,-2.19182,3.03896,76.788,1.31851,-0.723134,89.9963,0.11383,-0.188235,2.52109,9.01703
57.6599,-3.64219,-1.60562,51.152,2.0205,0.97212,40.7458,0.0353481,2.3834,2.57774,13.5164
85.5542,0.632654,1.17257,54.0568,-2.93143,1.23559,53.1099,-0.859676,-1.75348,-0.0630255,15.285
111.812,3.08851,-1.29453,43.5459,-1.27807,1.49828,42.8516,0.21908,2.1216,-2.79282,10.6748
185.442,-2.67473,2.37912,38.7373,2.44288,0.0639027,83.3963,-1.13979,-0.742296,-2.31522,10.8306
91.882,1.81296,2.822,79.871,-2.95592,2.28482,83.9246,1.73983,-0.719117,0.537188,11.7768
74.0633,2.12593,0.624709,42.6257,-3.04932,0.379065,74.2302,0.890623,-2.13527,0.245644,11.7543
57.9471,-2.07463,0.151929,41.9395,1.9973,-1.37096,48.4399,1.3847,2.68599,-1.52289,15.3047
107.02,-1.7972,-0.704721,99.6069,1.63414,-1.43791,68.5301,-1.05976,1.73429,-0.733187,11.1154
267.484,1.92433,-1.63037,245.585,-2.35974,-2.86355,293.516,-0.569271,0.759675,1.23319,9.28897
111.57,3.18737,0.229962,35.2899,-0.224013,-1.80221,68.301,2.24586,3.12317,2.03217,8.9064
111.272,2.34542,-1.207,54.1906,-1.34597,-1.99948,112.573,1.12352,1.41162,0.792484,9.13481
48.7234,3.84626,-0.57174,32.2466,-1.17215,-2.08861,56.4754,0.941855,1.83907,1.51687,11.1489
97.6921,-2.44816,2.84821,38.7369,3.38063,1.5994,46.3445,-1.59366,-0.127029,-1.24882,16.3825
148.577,-1.45074,-1.47501,40.4811,1.99589,1.91021,79.6426,-0.548425,1.42753,-2.89796,9.44188
116.659,-0.643121,-1.35553,51.2052,2.5687,-1.36311,138.246,-0.624219,1.79348,-0.00758135,9.51248
70.6533,-0.754668,-0.14749,40.1804,3.43074,-2.41241,51.0296,0.868811,1.2773,-2.26492,8.98843
119.262,2.42177,-0.0948201,86.8013,-0.824348,2.48476,59.727,2.40264,2.66249,-2.57958,9.4541
55.4523,-2.89255,-0.0203114,52.4913,2.12684,0.596704,32.5081,1.78656,2.15101,0.617015,11.0052
157.901,2.19277,-0.261098,120.321,-1.68865,-1.6778,148.311,1.46475,2.21959,1.4167,9.12402
102.215,-0.843724,2.37091,55.0377,3.35056,0.810903,65.9673,0.849342,-0.995687,-1.56,8.83839
172.887,-0.781596,1.63828,62.4769,2.75963,-2.95298,146.592,0.128555,-1.01628,1.69193,9.05988
118.745,-1.31864,-2.4916,59.5065,2.82378,0.299866,56.4321,1.55067,1.23763,2.79146,11.5217
244.214,1.14366,1.88519,91.5966,-2.27331,-2.89973,245.1,-0.824689,-0.434941,-1.49827,9.51652
144.691,-1.12289,-0.911526,89.1692,1.88721,1.74614,42.9714,0.319384,1.17776,2.65767,9.14255
107.747,-0.576013,-1.29848,36.8623,4.49143,-1.39476,65.3483,1.74107,1.83272,-0.0962867,15.2885
77.0237,2.90686,0.897369,33.6747,-1.42543,-2.35888,30.0101,-0.0749676,-2.54526,-3.02694,14.7844
140.825,2.7812,0.194662,106.655,-1.62582,1.65777,78.5282,2.09414,-1.71004,-1.46311,9.89679
153.67,-2.48345,-0.585901,82.6017,1.93933,-2.67801,46.7838,1.05558,2.105,-2.09211,10.5156
105.086,-1.78402,1.58339,40.5664,2.87935,0.876594,57.6604,0.19787,-1.59294,-0.706795,11.0029
174.795,-1.42916,-2.5228,44.9194,2.9823,-0.0910441,86.3288,0.74861,1.10058,2.43176,10.8743
167.94,-2.71857,-2.66643,143.327,0.615307,1.7168,159.978,-1.23822,-0.405007,-1.89995,9.3229
125.934,-2.38179,-0.122776,33.1123,3.00964,1.10318,66.7699,-0.543745,-2.78033,1.22595,10.4368
121.351,-2.82135,0.0929736,81.1472,2.90696,2.33814,114.146,-0.0207632,-2.054,2.24516,9.49353
78.0296,0.0675749,0.0384989,68.6044,-3.74004,-1.0046,63.323,-1.89446,2.63524,1.0431,9.58657
116.355,2.04516,3.04316,99.7263,-1.15847,-0.183957,53.5197,-0.364308,-2.82739,-3.05607,9.30552
92.9558,-1.25946,-0.780867,53.704,2.54666,2.8696,85.4651,0.773466,1.43119,-2.63271,9.59581
72.6095,-1.564,3.10273,39.1253,2.79976,-1.93903,71.1904,2.01355,0.792678,1.24143,10.6476
69.6859,1.30461,-2.78129,61.8854,-2.53061,-1.12178,62.9385,1.26851,1.41744,-1.65952,10.4429
112.41,1.80004,2.57868,100.385,-2.28022,2.77753,58.6961,0.359345,-0.623855,-0.198853,14.9006
83.4851,-1.97567,1.23701,64.8979,1.5893,-0.695537,32.6263,-1.30636,-1.89292,-1.93255,11.1785
113.522,2.21564,0.276874,109.952,-1.9504,-1.70757,69.2109,-0.902984,1.55855,1.98444,9.09664
97.0758,1.48615,2.08845,60.9273,-1.72985,-2.16142,83.761,-0.382742,-1.13172,-2.03332,9.40995
88.7618,2.75048,1.23952,34.3517,-2.77508,0.376087,86.9819,0.452597,-2.41048,0.863429,11.2323
89.4403,2.67176,-1.32932,55.1823,-3.39142,-2.60781,108.486,2.15746,1.01897,1.27849,14.5681
87.2486,2.70189,1.43608,42.548,-1.43036,2.92327,61.9877,2.1896,-1.35666,-1.48719,9.10667
47.3444,-0.866394,1.349,32.2883,4.45746,-0.307261,46.4801,-0.795015,-2.85582,-1.65626,10.6139
86.547,2.06511,-1.18645,71.8337,-1.57993,0.654115,112.967,-0.892769,2.92708,-1.84057,8.99916
121.621,3.00877,-0.970397,64.0825,-3.76592,-2.29534,201.203,-0.246924,1.32281,1.32494,10.24
100.524,0.860895,-2.07289,59.2487,-3.39092,-0.881709,59.5184,-0.0813849,1.62949,-1.19119,9.43513
118.432,-1.92373,-2.3959,67.8849,1.69239,-1.71506,201.834,-0.0227946,1.08409,0.680839,9.12316
74.2888,-1.88964,-1.31372,39.4986,2.55991,-1.42798,50.1846,-0.20063,1.83835,-0.114265,15.0409
136.37,-2.35014,2.67183,42.7605,1.18403,0.494323,117.94,-1.91849,-0.844538,-2.17751,11.1072
160.081,0.446778,-1.99865,39.3913,-3.33143,0.382508,90.2466,0.0748427,1.35928,-2.38116,9.14162
214.264,-0.922271,0.123168,40.6909,3.03436,-2.77403,107.078,-0.00676971,3.07399,-2.8972,10.573
93.9832,0.561447,-0.489498,70.5585,-3.48626,-1.91001,83.2153,-0.158388,-2.77766,1.42051,11.8885
133.69,-2.47027,-2.41274,51.0592,1.22046,1.56471,32.4777,-2.38343,0.892966,-2.30573,11.1247
90.8783,-1.5179,0.470232,65.2488,3.95516,1.46374,112.019,0.514642,-2.3198,0.99351,10.3101
55.4424,-2.24801,-2.62874,45.992,3.0053,-1.49204,83.335,-0.0119921,1.00963,1.1367,11.0916
51.8988,-1.37561,3.03705,43.7449,2.98093,1.26402,51.2738,-0.953456,-1.72323,-1.77304,11.2998
90.4997,1.84489,-2.77701,34.5565,-3.17569,2.6682,103.131,1.68339,0.21526,0.837975,8.98053
279.266,-1.95153,-0.761811,155.1,1.27095,1.98591,172.02,-0.345473,3.04981,2.74772,9.53514
162.781,-0.697148,2.8354,111.976,2.47501,0.285159,107.232,1.09826,-1.55204,-2.55024,8.86475
77.6886,1.85743,-0.0475334,45.4205,-2.32824,0.709135,98.2292,-0.571554,-2.94582,-0.756668,9.32115
67.938,-2.45766,0.96272,38.2013,4.53887,-0.690979,24.9228,-1.9486,-1.63999,-1.6537,11.7722
100.199,-2.34855,0.537631,78.8925,1.50583,-2.69461,53.6345,0.109517,-0.196579,3.05094,9.1935
79.1118,-2.79714,-0.934422,51.025,1.79085,-1.80796,57.3231,1.4499,1.19271,-0.873537,10.5239
124.348,1.91388,-1.70237,65.7295,-2.83812,0.189364,69.0466,0.511491,2.19972,-1.89174,8.94373
49.9633,-2.9198,0.554591,39.1281,1.55889,-2.65272,56.674,0.171974,-2.57882,3.07588,13.7825
219.112,2.07133,0.989352,172.317,-1.98065,-1.60187,78.9887,-1.51214,2.9624,2.59122,15.2538
50.2714,-0.476507,-1.24481,35.3444,4.33261,-0.819162,113.704,1.57001,2.32327,0.425643,10.4624
68.4643,1.33471,1.98711,45.0702,-2.75035,2.33033,59.3737,-0.623607,-1.34144,-0.343215,10.2604
49.009,-3.95417,2.30675,43.764,1.6012,-3.0118,36.7453,1.39248,0.281618,0.964636,11.4852
202.433,1.60748,0.195914,59.7502,-3.21055,-1.69265,142.056,0.799697,3.05026,1.88856,9.28455
126.888,-0.739428,-2.62095,71.7164,2.50439,-2.03167,108.024,-0.179657,0.979076,0.589276,8.83765
131.299,1.98501,2.47515,56.301,-2.18194,-1.61441,91.0388,-0.926369,-0.134604,-2.19362,9.77546
82.1242,2.43333,-1.74548,71.7916,-2.42999,0.468964,66.7962,-0.494799,1.47044,-2.21445,9.39752
111.537,-1.52478,-2.21091,40.0988,1.70927,0.943003,132.127,-0.808161,2.13772,-3.12927,9.05171
53.6157,-4.15303,1.58974,46.5278,0.908153,-0.812174,40.1098,-0.720291,2.98339,-2.40191,10.3555
153.961,-0.562617,-1.26478,35.6833,3.47754,2.53072,102.524,0.585547,1.61174,-2.48769,10.3141
385.556,2.0163,1.14079,228.761,-1.25734,-1.0467,150.691,0.987053,-2.54475,2.18749,11.6695
107.502,-2.88625,1.08623,99.7264,1.95119,-3.09296,86.7814,0.155891,-1.0729,2.104,8.92477
86.0764,-1.35426,0.0556668,72.7177,2.62933,-1.52241,102.091,1.8121,2.82013,-1.57808,15.1057
166.201,-1.21396,1.83272,112.184,2.56659,2.85594,170.783,0.433405,-1.118,1.02322,9.55188
67.197,3.85487,-0.0558423,38.3945,-0.449387,-0.854433,32.7773,0.288756,3.08511,0.79859,10.4145
150.931,0.407271,-1.00505,125.158,-3.26934,-0.26485,152.643,-2.1097,2.38763,-0.740204,9.47911
135.516,0.944286,-0.387288,52.8827,-2.34046,2.18807,79.6098,-1.22875,2.80921,-2.57535,8.83188
76.6868,-2.70885,0.204424,57.3892,1.42474,-0.367788,51.9815,-1.99579,-2.63413,-0.572211,15.9667
115.264,-1.0384,0.20092,101.77,2.56288,0.959139,134.211,0.368239,-3.12334,0.758219,9.27428
48.8389,3.86125,2.20093,48.3771,-0.976487,-0.910214,33.2021,0.621795,-2.71005,3.11115,10.6391
104.613,1.77547,-1.25423,42.4309,-3.66787,0.960351,72.2279,1.19833,2.45696,-2.21458,10.6483
161.492,0.909561,0.297776,161.474,-2.46733,-2.02433,91.7742,-0.231173,2.44403,2.3221,10.7789
92.6574,-2.52744,1.35225,32.9379,2.58731,3.03502,59.362,-2.06603,-1.28847,1.68277,15.5938
193.956,1.7397,-2.6437,144.471,-2.08067,-2.15318,153.969,1.57311,0.724354,-0.490518,9.08908
91.1546,3.27796,-1.42004,86.2667,-1.38931,-2.09426,79.2014,0.957954,0.641334,0.674219,10.2896
109.619,-1.44598,0.616844,32.5727,4.28447,-1.46431,78.9281,-0.345357,-2.4341,-2.08116,10.4099
68.6911,1.87037,2.71892,62.6548,-3.69057,-2.81243,42.6903,-0.999487,0.0975448,-0.751839,11.0424
172.479,-2.52904,-0.0380513,137.088,0.967824,1.45052,57.1649,-2.14644,-3.05086,1.48857,9.02658
76.2585,2.98245,1.6007,69.1916,-3.20439,-2.66506,66.3515,-0.0616512,0.415549,-2.01742,16.2307
46.1314,1.28848,2.86081,32.4284,-3.45307,0.447842,45.8133,1.24859,-1.85903,2.41297,10.3957
201.974,1.28564,1.9925,52.6567,-1.77133,-3.09891,197.057,0.0807383,-0.971994,-1.19177,9.85672
51.9716,-2.05823,-2.56467,40.6127,3.43756,1.54182,39.48,-0.750201,0.309745,-2.17669,11.702
162.863,0.658613,-1.73779,101.903,-3.6383,1.6251,64.2353,0.594557,0.668913,2.9203,15.7861
132.985,-2.17531,1.63899,52.1567,1.31581,-1.13918,38.486,1.17828,-2.54713,-2.77816,9.82397
125.426,0.92194,-1.02435,60.5266,-2.29723,0.277563,68.5308,0.3685,2.18988,-1.30192,9.17825
71.9782,-3.59493,0.908094,71.2894,0.207184,2.10579,57.555,-0.781806,-2.10104,1.19769,11.2905
267.001,2.80344,-0.532145,119.359,-1.55053,2.00875,161.118,1.40502,3.06835,-2.5409,9.74765
117.19,-2.87433,-1.00346,48.3478,1.0133,-0.066839,81.5658,-2.28591,2.2442,0.93662,9.23354
118.656,-3.11216,-0.105695,48.8353,1.12953,-1.0925,49.0001,-1.70803,2.06118,-0.986805,15.7878
51.9676,-3.61915,1.49099,45.8184,0.835379,2.90536,38.1594,-1.4531,-0.58015,1.41438,16.58
327.803,-1.48663,-2.06403,54.334,3.21967,-0.567543,185.062,-1.04955,1.27768,1.49649,9.22933
139.951,2.5205,-0.0188527,69.9563,-1.40478,2.17716,71.3891,0.102989,-3.00302,-2.19601,11.3479
159.254,1.29257,-1.90636,62.3475,-2.07023,0.517355,31.6925,-1.77385,1.40392,-2.42372,10.6941
115.38,1.47756,1.59851,50.0058,-3.99707,0.321171,133.476,0.113481,-1.44701,1.27734,9.24513
196.856,1.9165,-1.1294,87.5121,-2.44821,2.19435,47.1219,-1.07976,-2.59645,2.95943,11.3385
330.798,-1.2103,1.35015,34.5801,2.87028,-2.14828,193.661,0.673442,-1.76072,2.78475,9.38763
81.6753,2.47744,1.12081,45.6772,-2.03799,1.9367,133.823,0.937616,-1.74478,-0.81589,11.618
161.89,-1.74998,-1.9228,53.1991,1.8462,-0.823257,163.132,-0.493349,1.54137,1.09954,9.44218
132.636,2.0251,0.962721,94.8167,-1.24784,3.13829,106.967,1.00017,-0.202667,-2.17557,9.28839
120.684,-2.33102,-2.36991,82.7426,2.00696,2.05357,189.463,0.283547,0.375439,-1.85971,9.03943
100.022,1.9751,-1.11012,44.3661,-1.47265,1.69166,22.0684,-0.830642,2.73615,-2.80178,11.4962
289.919,-2.69466,-1.28247,86.8598,1.57968,2.21714,138.853,-0.389213,1.33869,-2.78357,9.41001
179.509,-0.484886,-0.643016,48.8503,2.96512,-1.87096,116.477,0.965776,2.39808,-1.22794,14.6002
232.598,-2.03763,-2.04178,212.897,1.08859,2.52209,290.964,-1.57533,0.269626,-1.71932,9.34716
94.2454,-3.22006,-0.812547,40.9617,1.58543,0.818908,72.3644,-1.44675,2.31245,1.63145,10.602
201.941,-1.4744,0.955124,57.9361,2.67378,-2.72278,97.7624,0.156715,-1.90838,2.60528,10.5261
119.641,1.08905,0.241252,41.2233,-2.65154,-0.424755,85.4695,1.04575,-2.68541,0.666007,11.4778
90.0783,-1.89522,-3.01591,61.7781,1.22453,0.411447,60.7645,0.625839,-1.55019,-2.85583,10.3357
120.187,-3.0408,-3.07882,74.9432,1.93235,-1.23546,145.21,-0.0336251,0.521222,1.84336,9.94783
117.509,-2.21296,-2.92893,56.2536,1.50325,-1.46256,78.3811,-2.26943,0.279597,1.46637,9.10598
61.2029,-2.36241,-1.78083,53.064,2.71137,-1.98679,56.8691,1.79461,1.40813,-0.205966,15.6248
78.9882,3.06855,-1.47018,67.7866,-3.04334,-0.305815,43.7696,2.39777,2.24614,-1.16437,12.0353
122.852,-1.31738,-1.72776,36.193,2.83589,2.57895,77.7464,1.84156,1.01708,-1.97648,9.23413
122.606,3.42691,0.523388,64.0385,-1.01783,2.11294,92.3549,0.664572,-2.70312,-1.58955,11.8517
114.517,-0.6356,-1.43908,56.1865,2.48257,2.56572,58.5805,1.90778,2.61426,-2.27838,9.32229
174.144,-1.29115,-3.07472,35.1087,2.20841,2.88534,147.596,-1.338,0.286065,-0.323126,9.18241
70.2264,-1.99257,2.20435,67.5794,1.98405,-2.25186,88.3196,0.597409,-0.960501,1.82697,8.93833
280.485,-2.10753,-0.458581,207.154,2.22562,2.38258,56.9524,-1.3448,3.0072,2.84116,12.6663
137.138,1.30095,-0.723949,42.7625,-2.04519,2.1261,81.0781,-1.02682,2.52292,-2.85005,9.22773
89.3756,0.152759,1.99829,45.8935,-3.4385,0.515456,59.6847,-1.45102,-1.4113,1.48284,10.2013
102.825,-2.77391,2.07778,38.1104,0.820515,-2.24603,103.277,-2.57775,-1.30663,1.95937,9.07367
104.793,-2.6131,-0.562598,102.193,0.796762,0.190051,155.602,-0.215199,3.01029,0.752649,11.1147
79.6823,-2.91737,0.853457,41.4931,1.9604,-1.97141,50.1539,1.35141,2.78871,-2.82486,8.77514
95.5556,2.16257,0.496262,34.4375,-2.80543,-0.866001,135.995,0.974816,-3.02204,1.36226,8.71084
82.329,-2.16463,2.41372,38.3381,1.81734,-1.57947,56.1979,-2.0788,-0.151173,2.29,9.24413
101.277,-1.54907,2.76369,45.065,1.9571,-2.33372,66.8855,-0.184371,0.123047,1.18578,10.7134
64.0435,-2.90149,2.6951,57.0596,0.971504,1.41937,38.931,0.286245,-0.555788,-1.27573,10.3737
124.022,-1.42466,0.838108,66.166,1.90676,0.0677121,124.598,1.29979,-2.56194,-0.770395,11.9068
79.8418,1.22032,1.97103,71.2257,-2.37238,2.6953,101.723,0.377367,-0.734629,-0.724271,15.5686
96.6758,4.01713,-1.1312,61.0382,-1.66865,2.57153,27.8471,1.09549,1.5384,2.58046,11.0911
109.104,-0.11244,0.450937,72.0086,2.93321,2.76831,62.8849,0.459322,-2.49499,2.31737,10.7367
163.896,-1.94967,2.13815,39.6312,1.62133,-1.49905,84.8784,0.136057,-0.633442,2.64599,9.95016
196.191,1.80912,2.04992,137.935,-1.8526,-0.0601887,135.187,0.0467865,-1.72741,2.11011,9.28582
69.7929,2.98474,-0.0137862,66.8128,-3.5214,1.9386,50.2026,-0.247961,-2.90725,-1.95238,10.7859
189.039,1.46909,1.18774,111.795,-2.00049,-3.06663,139.824,0.231686,-1.10233,-2.02881,9.91813
137.185,2.72315,-0.530959,120.933,-1.71301,1.1841,136.81,-1.30653,-2.88271,-1.71506,8.90747
167.123,2.09177,1.15696,66.9782,-2.26768,-2.47264,79.6423,-1.13091,-1.16105,-2.65359,11.574
73.424,1.9328,0.950144,53.8402,-2.23726,1.91856,74.6261,0.519615,-1.71939,-0.968412,8.99415
193.407,1.13909,1.04499,94.0774,-2.03441,-2.26919,93.1763,0.891149,-1.957,-2.96901,11.5431
126.903,3.03952,-2.54762,73.3026,-0.0596621,-0.26964,71.9181,0.955814,0.819561,-2.27798,10.0166
82.6992,-2.20144,1.77737,76.2922,1.52025,1.69146,150.034,-1.26659,-1.38478,-0.0859084,11.0217
152.828,1.99903,-2.74598,88.7997,-3.0982,-1.20061,76.9356,-0.189967,0.718805,-1.54537,9.95666
129.711,3.16139,3.12093,93.7857,-2.2059,-1.22454,186.288,-1.64923,0.848827,-1.93772,9.29122
86.0089,-1.59756,-2.77829,81.9041,1.84154,2.45734,61.3123,0.572723,-0.0312014,-1.04756,10.3661
88.9726,-1.58064,1.39033,39.6937,2.15753,2.87425,73.7276,0.885962,-1.08887,1.48392,9.27751
94.9564,2.13864,3.05214,87.7707,-1.67555,1.79308,99.9561,0.787178,-0.685872,1.25906,9.69778
155.602,1.37091,-2.25249,80.1444,-2.11815,-0.0917647,121.505,0.968593,1.20981,-2.16072,9.15786
164.832,-2.27752,0.906434,136.528,1.47781,2.18678,178.556,-0.672417,-1.37513,1.28035,9.4893
140.511,1.06309,-1.73134,73.3278,-2.4482,0.011527,36.5563,1.09005,1.84438,-1.74287,15.6182
81.9014,-0.231732,-2.75381,69.9601,3.00909,-1.8204,71.6885,0.437696,0.0172359,0.933409,14.9552
55.9144,2.29601,-0.168167,43.8947,-2.02559,-1.04689,86.3732,-0.370132,3.05837,0.878721,14.5807
73.5774,0.975775,-1.47806,64.2589,-3.79775,1.69148,34.5495,0.0580594,-2.92325,3.11364,12.9308
245.405,1.84697,1.23663,108.88,-2.48176,0.755311,238.858,-0.549462,-1.96404,0.481316,9.05739
108.43,2.68453,1.90168,34.6943,-2.29414,-1.27809,105.034,1.96478,-1.33228,-3.10341,10.4321
95.2216,-2.71017,-1.82722,42.7576,2.51587,-1.57029,107.995,-2.39189,1.19117,0.25693,10.1409
80.3877,2.37173,1.02457,50.5001,-3.49325,3.00325,34.488,1.92246,-2.23769,-1.97868,11.7421
99.9986,-1.645,0.370617,88.5037,3.61922,1.97921,126.828,-1.01246,-2.06706,1.6086,9.59318
151.239,0.368746,-0.911417,56.4012,-3.37387,-3.10965,95.3533,0.021506,1.60242,2.19823,11.6989
82.5353,-1.6005,-1.42754,68.5429,2.22841,-1.78618,117.194,1.06583,1.62719,-0.358648,9.04764
51.6411,-3.31767,-0.86758,33.287,1.17499,-1.46301,32.86,-0.467101,1.509,-0.595429,10.7208
94.869,2.42212,2.65779,56.7797,-3.38553,0.667399,65.4087,0.0443003,-1.36542,1.99039,9.5032
54.2226,-2.1959,-2.33278,36.8524,2.14266,-3.0797,53.9227,-1.26403,0.751113,-0.746926,11.1649
113.511,1.88438,1.70539,39.7565,-2.29453,-2.38005,53.859,1.04937,-2.01566,-2.19774,8.78955
140.156,1.32042,1.29209,54.1763,-2.2227,-0.346092,72.1363,-2.14042,2.81898,1.63819,9.11394
98.3405,-0.339298,1.79031,94.765,2.90244,2.32193,87.4435,1.51418,-0.416924,0.53162,11.2719
220.141,-2.96158,-2.1625,166.786,1.89848,-0.16742,85.2012,-2.18652,1.53898,1.99508,9.57819
61.2205,3.39007,2.13227,43.3716,-1.51016,0.573687,71.659,0.933572,-1.61746,1.55858,11.2603
116.787,-2.20194,0.55895,101.299,1.20209,-0.134922,184.677,0.975623,-2.61456,-0.693872,9.65799
71.7441,-1.80272,0.128259,53.4937,1.7102,-0.495247,92.8128,-1.69636,-2.5666,-0.623506,11.1914
96.6612,-1.42051,0.221,71.3185,2.27354,1.96828,97.1556,1.51275,-2.69281,1.74728,9.46608
181.907,-2.35654,0.625655,67.7667,1.63379,-0.705604,182.4,-0.848822,-2.85024,-1.33126,11.1668
71.0325,2.45174,-2.01835,58.9694,-1.39656,-2.28078,90.101,1.58481,0.921158,0.262437,9.2793
127.855,1.95158,-1.13394,94.2521,-2.06194,-2.52215,115.99,0.633073,1.51467,1.38822,9.20177
103.412,-2.86191,1.04906,42.9668,1.31496,-2.51287,25.7077,-0.223097,-2.45809,2.72126,11.5105
117.72,-0.437008,-1.74845,67.5469,3.87028,2.21777,56.6333,-0.37052,0.994369,-2.31696,10.6472
132.693,-0.0130365,1.23158,40.4304,3.31344,-0.38789,97.802,0.72215,-1.61092,-1.61947,8.85116
69.3648,-1.52899,2.66393,45.4585,3.08274,1.84508,45.8523,-0.810686,-1.52474,-0.818846,10.9378
160.694,-2.008,2.29153,41.8215,1.43398,-1.10791,79.7226,-1.67828,-0.559878,2.88374,10.6795
131.707,2.05306,0.126387,35.0459,-2.83437,-1.49873,82.6226,1.88529,2.84289,1.62511,14.2797
105.36,1.3335,0.388383,75.8013,-2.35624,1.72071,129.036,-1.26584,-2.19303,-1.33232,9.56309
82.2182,1.93513,0.0323945,58.0252,-2.48847,-1.14679,84.8868,-2.1182,2.84192,1.17919,9.9794
113.42,2.2071,2.53557,89.5312,-1.22753,1.03444,59.3766,-0.11323,-1.30856,1.50113,14.5023
152.743,2.5864,-2.80889,64.48,-1.17238,1.67312,107.66,1.60508,-0.152955,1.80118,11.3974
92.9268,-1.86783,-0.310626,58.397,2.34365,1.48333,70.035,1.29785,-2.76902,1.79395,10.6396
186.589,-2.42225,1.91368,109.84,0.696853,-0.726899,46.2203,-1.9446,-1.77164,-2.64058,9.71384
55.5295,2.02889,-0.555997,50.2155,-1.87253,-0.995528,70.2509,-1.03161,2.30423,0.439532,11.0047
97.4748,0.0790283,1.99101,62.9116,-3.45334,3.04598,102.736,-0.750535,-0.254861,-1.05497,11.1167
78.1853,2.51648,-1.76322,57.3612,-2.20441,1.59636,55.9416,-1.17348,-2.47682,2.9236,10.3107
97.0969,3.10482,-0.0563319,94.8048,-0.506865,1.78311,101.712,2.34336,-2.86287,-1.83944,9.47293
132.075,0.271021,-2.21221,31.1045,-3.86127,-1.60371,90.165,-0.868273,1.07186,-0.608501,8.92639
94.2935,2.34506,-1.79112,87.6405,-1.15532,-0.791162,76.0945,-0.120653,1.9102,-0.999961,8.90349
192.67,2.95531,-2.67602,89.2816,-1.48211,1.80031,130.099,1.08424,-0.0161032,1.80685,15.8673
51.205,3.90821,-2.53264,41.7633,-1.80477,-1.06458,68.7995,-0.752838,1.4417,-1.46806,10.4227
68.5856,2.72407,1.10266,52.361,-1.79233,-0.44944,72.624,0.0565402,-2.27322,1.5521,10.8958
79.8601,1.74377,-2.33345,47.6415,-2.96691,-0.617516,80.5742,2.02755,1.83301,-1.71593,8.85783
122.421,-1.34684,-1.89882,74.2522,2.46893,-0.078678,55.0961,-1.04434,1.7994,1.82015,9.10095
145.744,2.97657,1.91382,61.5665,-0.262934,0.0388744,57.7137,1.70521,-1.90418,1.87495,11.0501
62.4872,-2.3292,1.47303,42.9134,2.9605,-3.0981,30.8275,2.4737,-1.54019,1.71205,11.198
130.22,1.47022,-1.37653,35.5715,-3.64413,3.02684,115.204,-1.22609,1.90439,1.87981,9.93799
63.7328,-2.33306,0.966649,46.6555,2.13655,2.89249,66.7112,-1.1492,-1.54549,1.92584,11.2748
239.839,-1.96888,-2.91682,73.0423,2.04912,2.33536,235.622,-0.975068,0.300514,-1.031,9.55457
195.54,0.242689,-0.624483,66.3281,-2.90998,-0.272176,193.19,-0.390521,2.62789,-0.352307,10.8688
223.284,2.18445,1.71852,116.197,-2.66837,-1.17551,102.319,1.09737,-2.55714,2.89403,9.50004
71.0629,2.4086,-2.60188,57.3817,-1.64862,1.3566,65.2434,1.93305,-0.559262,2.3247,9.68774
98.6046,0.693147,-1.53353,69.534,-2.52572,-0.51245,71.7901,-0.3716,2.3052,-1.02108,9.54015
77.8875,-1.72152,-1.69333,64.6843,1.53994,-2.79533,45.4282,0.982401,0.991874,-1.102,10.2693
137.315,-0.679783,-0.424226,59.3797,3.43552,0.221066,108.212,1.77421,3.12985,0.645292,11.2171
131.46,-1.08014,-1.53515,51.6534,2.74275,-0.553252,174.904,0.2089,1.91398,0.981897,8.93662
72.2998,-2.21109,-0.119643,53.1846,3.53376,0.989667,40.4506,0.888329,2.86603,1.10931,9.13013
176.705,0.244179,0.957116,52.5102,-2.97746,-2.60639,61.3953,-2.39836,-2.02366,-2.71968,11.2816
62.8118,-2.66033,-1.8473,55.916,0.902689,3.06875,70.8028,-2.1122,0.552055,-1.36714,10.8409
77.2522,0.541708,-2.88181,65.1281,-3.39925,2.91581,96.975,-0.442405,0.107557,0.485564,8.92019
78.9276,2.85497,0.159799,64.7668,-2.25424,-0.158838,74.8805,1.71232,-3.06337,0.318637,9.76085
83.4315,-2.8463,2.4938,76.8774,1.23605,3.03889,187.113,-1.67313,-0.322373,0.545095,9.09745
144.265,1.73704,0.430147,118.397,-2.33823,0.780361,87.7544,1.5813,-2.71197,-0.350213,10.0224
128.823,-2.3129,-0.779348,42.2298,2.32647,1.13741,107.819,-1.93858,2.51109,1.91676,9.17402
103.184,0.324648,1.57526,78.9157,-3.23545,-1.69854,39.4582,-0.150411,-1.93372,-3.00939,10.6383
148.193,-3.02907,1.57931,58.2762,1.31411,3.09736,88.5586,-1.92059,-1.14307,1.51805,11.2437
335.679,-2.69367,2.23334,69.9626,2.28387,-0.134409,188.257,-1.35883,-0.900536,-2.36775,12.1996
238.917,2.1257,1.35513,138.528,-1.16937,-1.45708,102.514,1.10626,-1.86325,2.81222,9.18698
75.2989,-3.50886,-1.87234,58.1466,2.00638,-2.25548,66.9683,1.7913,0.863019,-0.383139,11.4861
93.4329,0.980552,0.0789199,40.877,-4.24123,-0.803671,106.913,-0.43504,2.75057,0.882591,11.5437
58.5514,-1.58721,3.00849,50.6995,2.75222,-2.8676,75.0014,-0.800052,0.0266373,0.40709,14.8329
100.657,0.511161,-2.58211,93.7207,-2.81834,-2.62572,161.974,-2.12178,0.170516,0.0436056,9.57756
176.598,-3.15384,-1.88354,88.5631,1.10781,0.88108,151.094,-1.7449,1.32077,2.76462,11.5886
140.479,0.861616,0.489629,45.6952,-2.75425,0.0842807,97.1149,-0.0753756,-2.96903,0.405348,9.27068
125.773,-2.17366,-1.98364,54.9187,1.10109,2.76597,135.226,-1.31583,1.16514,-1.53357,11.0061
55.4941,-2.10894,1.76992,50.8145,1.78244,-0.045056,42.6067,-0.806173,-2.09,-1.81498,15.2668
92.3085,-2.225,1.28169,31.7843,2.55584,-1.29535,39.2677,2.07086,-1.89123,-2.57704,9.40209
103.437,0.577466,2.91575,77.0747,-3.14649,2.47197,108.579,-0.407854,-0.462095,0.443779,8.56746
101.606,-3.21647,0.507952,56.0249,2.47901,-2.45349,33.3293,1.40973,-2.933,-2.96144,11.3297
80.9896,1.50922,-1.22158,31.883,-2.75755,-2.92674,83.3555,-1.70391,1.59022,1.70517,11.9065
128.814,1.52441,-0.418687,43.3736,-1.8124,2.04397,58.5524,-0.320216,2.8697,-2.46266,8.5093
91.5511,-3.51587,-2.07261,60.1828,1.61815,-2.45611,77.5982,0.619163,0.680212,-0.3835,16.5668
157.87,-1.62218,1.46407,48.7337,2.36349,-1.51188,69.6774,-0.632823,-2.21135,-2.97595,10.0686
225.062,-1.68524,2.83962,30.7229,2.09417,-0.0292046,151.001,0.938506,-0.284592,-2.86882,10.9403
67.566,-1.51112,0.381806,50.7567,2.57733,-1.18807,35.7296,0.71014,-3.09515,-1.56988,10.2949
61.879,3.05256,-1.1938,60.5204,-2.05035,2.30345,62.0895,1.11995,-0.16184,2.78594,11.1563
67.1762,-1.31047,-2.60474,62.488,2.63559,0.890144,32.2809,1.14081,-1.63277,-2.78831,10.1378
202.589,-0.833769,0.952109,147.444,2.27781,-0.438992,124.575,-0.421564,-2.44971,-1.3911,11.1343
54.7623,3.9401,1.78996,40.5174,-1.7725,-2.32051,63.1664,2.52088,-1.15691,-2.17272,11.0439
76.4118,-0.1458,-2.54832,59.4753,3.22108,-3.09391,81.089,1.62586,-0.129822,-0.545593,11.1914
87.0668,0.03489,0.917139,34.3523,-4.06455,-1.47609,51.681,-0.856104,-2.81406,2.39323,8.83486
144.272,-0.343771,-1.2246,61.4967,3.5219,1.90119,46.3511,0.0604337,2.09647,3.12579,11.8531
142.553,-0.476634,-0.936446,53.5863,3.23182,-0.202719,136.037,1.0059,2.42597,0.733727,15.1888
97.2452,-1.64387,0.249252,69.7776,2.68478,-3.09305,53.5634,0.359559,-0.996899,2.94088,14.8414
97.6678,2.33065,-2.53889,60.8783,-1.01848,-2.14827,80.0444,1.91896,0.693263,-0.390624,9.42678
50.4698,1.36365,-2.46229,30.3358,-3.49778,-0.508609,63.7272,0.764756,2.44584,-1.95368,10.3762
308.117,1.95302,1.39482,72.6082,-3.49182,-2.8115,125.148,0.731242,-1.50605,-2.07686,9.36649
152.727,-3.38909,-2.3444,117.552,1.7003,1.919,63.301,1.54331,-2.04877,-2.01978,12.2474
104.424,-0.671164,-2.47985,98.2372,3.66232,2.59743,165.425,1.04989,0.153361,-1.2059,9.61974
80.1879,-0.720015,-0.691258,71.1848,2.7772,-1.46859,129.282,0.118638,1.91317,-0.77733,9.50586
143.809,-2.54984,-1.24699,89.9154,1.00297,-0.780721,146.934,0.263105,2.11989,0.466268,12.0349
64.8984,1.29565,2.47099,38.2516,-2.83098,-1.90937,62.9679,1.2513,0.945432,-1.90282,10.7141
75.0247,0.72488,0.356484,47.3275,-3.73001,2.60106,31.2479,0.000903127,-1.6026,-2.24457,11.0092
75.1518,-4.54574,-0.217445,32.483,1.33994,-2.62707,35.2232,0.199236,1.73449,-2.40963,10.9681
94.8097,2.73969,0.744686,65.3062,-0.348848,0.21807,115.655,0.751803,-2.68716,0.526616,9.11123
78.0319,-2.33132,-2.79666,56.677,1.93,2.90056,79.3868,0.272979,0.135348,-0.585969,8.60344
76.3261,1.43131,1.37374,50.851,-2.01939,3.12782,52.3663,1.62005,-1.46335,-1.75407,8.9757
61.2099,0.434593,-2.86452,30.3524,-4.28539,-0.697174,32.8629,-1.53919,-0.540754,-2.16735,11.2651
145.884,-1.67242,-1.85138,34.9754,2.87794,2.22792,95.0611,-0.076919,1.07555,-2.20389,9.46733
99.3735,-3.05352,0.921386,44.1594,1.1254,2.64451,83.1487,0.471571,-1.9415,1.72313,8.95575
95.5495,-2.03587,-1.61181,91.9742,1.65799,-1.84342,99.9001,1.03076,1.24307,-0.231612,15.7955
207.506,2.85661,-2.11381,46.759,-1.12571,0.506647,114.356,1.12356,1.2436,-2.62046,9.65085
159.537,-1.81902,0.672429,63.4449,3.02018,-0.907228,168.814,-1.2898,-3.1221,-1.57966,9.64407
97.6066,-1.27161,-0.816215,66.1712,2.2358,-0.0596629,88.6011,0.321883,2.64495,0.756552,9.8545
118.71,2.44083,1.38384,99.6471,-1.18317,0.788942,112.594,0.341565,-1.60541,0.5949,13.5857
209.058,1.35903,-2.73527,40.7817,-2.41762,-0.492235,149.849,1.2035,0.305714,-2.24303,9.51348
117.575,2.77481,0.787834,41.9706,-2.32021,-0.958768,70.6136,2.17995,-3.05576,1.7466,11.6651
120.047,-1.054,0.76916,40.6703,2.52729,-2.39524,38.4667,3.15051,-2.50535,3.11879,9.43286
84.4738,1.13309,-0.174091,77.3362,-3.89828,1.29477,85.9334,0.901048,-2.69769,-1.46887,8.80328
375.165,-0.472759,3.07115,310.93,3.01879,0.898986,188.635,0.152641,-0.864905,-2.17217,10.0757
83.9256,1.58152,2.14927,78.0225,-1.64692,1.07352,88.3642,-0.919643,-1.52458,1.07575,8.42865
127.473,-2.12867,0.176394,105.819,2.23964,2.50103,67.5221,-0.97987,-2.1986,2.32463,10.9305
103.819,1.83362,-0.556371,83.1356,-1.35686,2.27806,86.9199,0.836132,-1.63476,-2.83443,9.42074
113.234,-1.24081,-2.9055,34.8062,2.98379,1.48823,68.5647,-0.304709,-0.128427,-1.88945,11.9511
99.2593,2.35167,-0.559918,71.5286,-1.22115,2.22135,52.2563,1.46358,-2.62246,-2.78127,10.4483
66.1281,-1.59631,3.02917,38.0723,3.42635,0.779423,25.7188,1.58029,0.748766,-2.24974,11.5904
75.8496,-2.11214,1.80406,53.597,2.38903,2.89067,38.6563,0.0798129,-0.995365,1.0866,14.59
196.311,1.7055,1.11592,135.227,-1.88287,2.77119,46.0024,0.871808,-1.89472,-1.65527,11.8514
148.253,-1.76563,0.0152738,85.1673,1.87485,-2.62562,93.4971,-0.295645,-3.10362,-2.64089,9.75535
77.6561,2.68974,-1.56471,37.0668,-1.7343,2.95982,69.7999,-1.53264,0.66333,1.75865,10.6043
282.855,-2.37337,-1.49707,44.2726,3.00875,0.133793,185.532,-0.951589,1.44347,1.63087,11.4301
97.6212,2.62971,0.968719,70.6357,-0.644775,-0.302222,86.4313,0.795478,-2.90081,1.27094,11.844
135.249,-2.73863,-1.6173,84.1469,0.652104,2.32653,85.0655,-0.459339,1.31721,-2.33936,11.4883
189.304,-2.40101,2.03697,86.8532,0.933147,-0.555238,176.479,-1.59941,-1.00532,-2.59221,9.15156
141.339,-0.560075,-2.61075,53.4029,2.51787,0.65616,48.4122,0.553716,-0.10386,-3.01627,14.7943
61.1126,-2.92098,2.96143,44.5188,0.991569,0.858086,79.6676,-0.43654,-1.18744,-2.10334,11.4576
60.0303,-1.73103,1.98838,54.066,2.34697,2.51237,79.7287,-0.428951,-0.940636,0.523993,10.4837
113.388,2.51716,0.717342,47.808,-3.12286,0.877853,64.4826,0.946527,-2.10812,-0.160511,15.7306
81.2489,2.41732,1.43872,59.7931,-1.27356,2.59627,146.002,0.500445,-0.911697,-1.15755,9.195
152.31,2.68757,-2.28858,88.8015,-0.418557,-0.869756,158.449,1.18591,1.19644,-1.41883,9.55929
67.2814,2.09396,2.26855,32.2733,-3.76075,-0.57414,30.7608,2.57066,-1.57338,2.84269,10.6817
98.2418,0.55745,2.09956,43.4952,-3.8637,-2.16455,54.0252,-2.42563,0.215901,-2.01907,9.3596
71.1442,3.07917,-1.43784,43.0974,-3.9506,-0.0740319,44.9297,1.3439,2.1304,-1.36381,10.6993
40.671,3.15175,-2.13518,37.5544,-1.40477,2.72869,42.7004,0.410958,0.135485,1.41932,11.6156
153.958,1.05566,0.575864,51.7561,-2.21675,2.98898,76.0329,-0.906246,-2.19449,-2.41312,9.03492
219.319,2.39064,2.93609,149.895,-1.97247,-0.653438,197.923,0.798287,-0.2216,-2.69366,10.9272
96.685,-1.28036,-1.83883,62.615,2.00054,-2.50271,126.351,-0.326256,0.951158,-0.66388,9.61843
243.674,1.46514,2.78084,212.343,-2.58528,1.0628,191.418,0.773577,-1.11155,1.71804,9.359
66.0197,2.77578,-0.699964,32.6107,-1.88709,-2.22965,37.1074,2.86959,2.1819,1.52969,10.6877
136.993,-0.163001,2.82671,58.4078,3.26857,-1.13932,70.4641,-0.0851765,0.0571895,2.31716,10.7741
59.681,2.11692,-1.10662,36.1783,-2.89968,-0.464009,63.2192,-1.09292,2.67053,-0.642615,11.0696
153.547,-1.61864,2.11309,69.3384,2.73774,-2.25463,121.892,-0.578998,-0.358243,1.91547,10.7529
145.276,1.34778,-2.971,99.5637,-3.03945,-1.21802,179.208,1.06724,0.327002,-1.75298,9.41492
98.6856,3.10745,-2.69786,42.2688,-0.293802,-1.16926,83.4004,2.08106,1.14298,-1.5286,10.9209
95.2177,-3.58887,0.75557,72.5617,0.396283,2.75716,45.806,-0.734402,-1.18621,2.00159,14.6367
191.973,-1.6534,1.42159,160.361,2.4696,-1.69912,29.6479,-2.15807,1.47146,-3.12071,10.302
175.206,-2.45095,-0.232257,156.764,0.553952,-3.04737,75.99,-1.46846,1.72994,-2.81512,9.02418
177.843,-2.7485,-2.71206,58.3402,1.26791,1.99672,72.2576,-2.31143,-0.134502,-1.57441,15.7458
88.9249,-0.744238,2.75884,85.6758,2.37755,2.29668,168.766,-0.559407,-0.735014,-0.46216,9.0469
42.9826,-1.18401,-1.59435,39.3396,3.22733,3.13063,24.7255,-0.383891,0.637416,-1.55821,11.7382
158.449,0.414234,-1.20101,37.7454,-2.98853,2.23791,71.6893,-0.876107,1.84385,2.84427,10.6491
146.799,-1.42501,-2.38828,49.7134,1.98988,0.0296477,43.5998,-1.10826,1.42929,2.41793,14.3577
77.4064,-3.035,-0.934468,55.5556,1.8597,0.966134,37.0597,0.804602,-2.37272,1.9006,14.9482
126.321,2.63738,0.113793,33.2797,-3.30976,0.185126,119.147,1.99759,-2.93364,-0.0713332,9.07925
47.0576,1.49134,0.904467,30.9953,-3.15966,1.29028,27.5239,0.97612,-1.63563,-0.385811,15.0308
99.5383,-2.23118,3.03472,74.6712,1.6338,1.69633,91.2836,-0.903427,-1.08264,-1.33838,9.72098
92.9844,1.69951,-2.47042,51.7334,-2.35418,2.62906,113.421,-2.04531,-0.0208023,1.18371,8.93611
159.026,-1.55524,-0.885017,46.774,1.60088,2.69637,88.2059,-1.15226,2.25261,-2.7018,8.88066
136.7,-2.5601,2.07971,128.069,1.75113,1.21571,204.714,1.67374,-1.70114,-0.864001,9.24904
116.111,-3.10346,2.02395,57.6306,2.46693,1.34383,147.58,-0.326517,-1.39291,-0.680116,10.7024
42.7726,-1.60637,-1.48582,40.4645,4.52128,-2.53559,32.788,1.52374,0.776159,-1.04978,14.6305
119.744,-1.94244,-1.46791,56.228,1.34916,2.81728,65.2506,-0.207353,0.931043,-1.99799,9.77701
72.564,-2.64912,2.14524,57.8872,1.27983,1.96806,86.1724,-1.2741,-1.15513,-0.177181,14.1934
81.993,1.0786,0.357141,55.4129,-2.99949,-0.556323,43.9362,0.981262,2.63458,0.913464,14.5388
101.224,-1.00826,0.00316144,32.3478,3.11105,1.30449,54.4506,-0.623375,-2.97946,1.30133,13.8239
49.0746,-1.39015,1.60485,37.6227,3.17478,0.570099,66.1604,1.91626,-2.11073,-1.03475,10.7344
84.1255,0.692463,-0.971894,42.0453,-3.09554,1.0775,34.6807,-1.25039,2.26759,-2.0494,10.0121
138.85,1.93278,2.448,51.8432,-1.48378,-2.18413,90.6713,-1.00525,-0.119103,-1.65105,10.1853
161.527,-0.524716,2.4623,69.3107,2.63463,-1.46836,81.4525,0.313674,-0.231361,2.35253,9.46547
83.3042,-2.46081,-0.404451,80.8765,1.23936,-0.339855,64.7784,0.191045,2.00932,0.0645956,15.8675
145.774,-0.167176,2.66939,99.6853,3.58542,-0.58156,51.556,1.5862,-1.32691,3.03223,9.41276
111.502,-2.18527,-2.40153,32.6228,2.27161,1.86206,59.2317,-1.08444,0.756986,-2.01959,11.2546
84.2492,-1.81669,1.10684,54.3275,2.23105,-2.71338,85.9702,0.519844,-1.59047,2.46296,10.3118
55.3072,3.10799,1.18273,44.5366,-1.46761,3.01614,62.4371,-0.629931,-0.541118,-1.8334,13.8631
78.7288,-2.43868,-0.0294605,60.3,0.960748,2.63611,60.131,-1.7329,-2.12608,2.66557,9.10131
42.7915,-2.28832,-0.858634,42.6418,4.72573,0.180109,56.7361,-0.772217,3.03357,1.03874,11.2676
92.983,0.393679,-0.426473,37.5035,-4.09799,-0.666635,73.3141,-1.91841,2.9402,0.240162,11.8829
208.452,-1.12885,-2.12382,30.5685,3.58251,2.90974,129.028,-0.579662,1.08753,-1.24962,10.5817
67.5684,-2.22124,-2.03591,47.4871,2.61934,-2.52145,37.2506,0.663562,0.697061,-0.485542,10.6191
104.654,-0.954973,1.10339,64.9756,2.46624,-1.13251,75.8804,-0.319495,-2.69327,-2.23589,8.73173
91.9153,0.651923,1.49132,37.2341,-3.17645,-1.28644,34.4899,0.130047,-1.23146,2.77777,10.8791
190.848,-1.55665,1.49869,90.7345,3.19721,2.29113,72.3704,-0.290705,-1.36988,0.79244,9.24619
97.5509,-0.451499,1.42954,41.3149,3.90943,-0.249639,116.383,1.01063,-1.82895,-1.67918,9.75381
112.73,-1.33857,-2.76027,54.2463,1.94446,-1.98008,99.8811,0.97189,1.0359,0.780189,8.83439
52.5153,1.38912,-1.52279,44.2646,-3.54975,-3.03095,48.0157,1.09042,0.474968,1.50816,10.4979
172.696,-1.33681,-2.63561,94.0209,2.96764,2.22515,147.946,0.651815,-0.233224,-1.42242,11.4707
153.757,2.50486,-2.55428,61.2481,-3.37998,-1.78293,169.245,1.4325,0.766874,-0.77135,9.56488
364.754,2.25878,-2.25972,60.1907,-1.36456,-0.364922,385.32,0.432184,0.98985,-1.8948,9.59289
127.47,-1.76427,2.66598,39.3064,2.54422,1.7491,93.9367,1.19884,-0.564688,-0.916883,9.15468
101.91,-2.18173,2.07309,70.147,1.56192,1.07496,106.58,-0.562718,-1.55587,-0.998128,10.6787
113.638,-1.74128,2.00572,54.0503,2.54841,1.04399,101.833,-1.13802,-1.52104,-0.961729,8.83498
92.1883,2.04618,-2.36636,81.3903,-1.62742,-2.78345,127.416,0.953881,0.392592,0.417091,9.01005
95.1593,-3.48916,0.0886194,53.4807,1.62176,-0.0696802,68.3636,1.19287,-2.91668,-0.1583,11.3602
92.502,-2.10156,-2.74246,61.2316,2.70971,1.69579,60.9061,0.142009,0.249862,-1.84494,11.7203
173.962,0.203122,-0.357977,44.9226,-3.29059,2.6998,84.6567,-1.61189,2.85468,-3.05778,10.9981
117.512,-0.642582,1.72345,31.7634,3.26202,-2.94343,82.7586,0.138387,-1.11945,1.61631,10.691
108.46,1.31729,1.47263,107.507,-1.81914,-2.31498,54.0443,0.544084,0.215986,-2.49558,9.1643
96.0057,2.55907,-1.36966,52.9113,-1.31496,-1.52301,62.4218,-0.631473,1.84628,0.153355,10.9471
87.7233,-1.71848,1.93435,59.0408,3.56274,1.37461,104.234,2.00302,-1.88579,-0.55975,9.61566
114.345,2.43405,-1.57243,86.2702,-1.66523,-3.02299,101.331,-0.413912,1.03777,1.45056,8.98886
72.2992,3.02557,-0.123363,44.002,-0.67074,1.05841,78.1362,0.991433,2.8433,-1.18178,10.8801
161.174,1.96762,-1.13725,98.3161,-2.72221,-2.31838,77.6194,-0.783001,2.10143,1.18112,14.6265
64.3497,-1.09569,-2.86865,52.67,3.63562,-1.2229,73.7995,0.42393,1.15926,1.64576,9.98066
105.029,-3.04653,-2.91611,66.8047,1.36789,-0.94302,65.4193,0.401321,0.834076,1.97309,11.0697
67.4817,3.29804,3.05706,43.8161,-2.03313,0.589231,37.2483,1.8483,-0.485968,2.46783,10.7087
106.668,0.950864,-2.49796,47.529,-2.45036,-0.59559,101.704,-1.24595,1.18684,-1.90237,9.07086
132.32,2.74425,-2.81045,72.1697,-1.48257,1.48134,98.6551,0.561122,-0.519607,1.9914,9.39153
82.3196,-0.464492,-2.75323,30.1433,3.56115,2.67252,107.021,1.96619,0.657318,-0.857436,8.95029
50.4179,-2.43115,-2.13361,40.6175,2.82857,2.49461,48.9191,1.40804,-0.170368,-1.65496,10.6272
124.531,2.29074,1.7418,45.9101,-0.92348,2.69828,130.677,0.942195,-1.39403,-0.956474,10.4986
105.361,-2.17698,-2.57957,45.5702,4.44561,2.563,64.1673,-0.352994,0.941965,-1.14061,10.7544
214.054,-2.01338,1.66195,91.6296,2.95249,0.391115,199.843,-1.76407,-1.52634,-1.27084,9.53239
147.76,-1.74778,-2.0456,83.9578,1.44329,1.04714,69.1773,0.229715,1.29498,3.09274,9.28185
85.1333,-2.5231,-0.236245,64.9891,1.6185,0.933719,105.752,-1.43361,-2.9794,1.16996,8.64725
113.91,-2.11512,-2.92175,81.7884,1.40873,-2.07861,83.4586,1.07353,0.0308633,0.843141,11.6421
149.023,2.5533,-2.54339,69.7485,-0.456971,-0.47214,82.2462,1.76593,0.655221,-2.07125,9.3736
47.6036,-3.90687,0.823122,31.9656,2.21296,1.10834,31.0587,1.83385,-2.24204,0.285216,10.9566
132.245,1.56355,0.644709,39.1644,-4.00503,-0.151949,94.8874,-1.39711,-2.75784,0.796657,9.66814
150.007,1.36384,-0.150854,48.4214,-1.9716,-3.11772,69.2828,1.2159,2.65059,2.96687,9.25634
126.861,-1.48815,-2.81324,92.288,2.42874,0.374619,88.8126,-0.838497,1.25637,-3.09533,9.16715
77.4072,3.36051,-1.63126,62.9345,-1.8653,-0.819382,57.2401,0.953579,1.91049,-0.811873,10.3002
79.2625,2.55806,2.54713,58.7676,-2.33622,-0.276576,94.7452,2.01717,-1.7132,2.8237,8.89502
214.181,-0.93501,0.46527,37.2472,2.38884,0.0421595,117.725,0.22513,-2.88506,-0.423111,9.027
80.4745,2.7116,2.35332,33.0649,-3.75324,1.45695,75.8489,0.40239,-1.36863,0.89637,10.7753
41.1618,-3.89144,1.98098,33.2615,1.57155,1.84257,61.8472,0.893147,-1.52568,-0.138411,11.5199
115.696,-3.41141,2.07159,103.367,0.908941,3.05317,260.38,0.107682,-0.398155,0.981577,11.2495
102.739,-1.20722,-0.573708,92.3764,2.74759,-0.2307,81.8875,2.46589,1.79583,0.343008,8.58275
193.21,2.93925,0.491685,117.601,-2.06302,2.16597,101.915,-1.20864,-2.21067,-1.67428,9.14931
102.324,-1.91808,0.213304,76.1499,1.34393,-3.0128,80.192,0.518863,1.5003,3.05708,10.4412
135.066,-2.89283,-2.90382,86.3834,0.955843,1.30163,82.5754,-1.76442,0.00339457,-2.07774,14.7957
132.675,-1.13677,-1.01776,38.7518,2.2164,-0.170692,78.5188,0.662093,2.41345,0.847064,10.9713
41.3805,-2.99722,-0.886772,35.8902,2.48708,0.119834,65.3027,2.42848,3.0055,1.00661,10.5094
77.4019,-2.28252,0.545854,69.8797,0.995127,1.24889,68.3212,-1.59321,-2.63812,0.703037,9.58986
127.629,2.60381,-1.46584,56.3919,-0.775851,-0.172445,109.215,1.99145,1.42883,-1.2934,9.60368
